season,episode,act_number,characters_in_act
1,1,1,"[""MICHAEL"", ""REDSHIRT"", ""REDSHIRT #2"", ""JACK"", ""CLAIRE"", ""LOCKE"", ""GARY"", ""HURLEY"", ""BOONE"", ""KATE"", ""SAYID"", ""CHARLIE"", ""SHANNON"", ""JIN"", ""WALT""]"
1,1,2,"[""CINDY"", ""JACK"", ""CHARLIE"", ""ROSE"", ""MICHAEL"", ""SHANNON"", ""SAWYER"", ""HURLEY"", ""SAYID"", ""KATE"", ""WALT"", ""BOONE"", ""CLAIRE""]"
1,1,3,"[""CHARLIE"", ""JACK"", ""KATE"", ""PILOT""]"
1,1,4,"[""CHARLIE"", ""KATE"", ""JACK""]"
1,2,1,"[""CHARLIE"", ""JACK"", ""KATE"", ""CINDY"", ""ROSE"", ""SHANNON"", ""JD""]"
1,2,2,"[""BOONE"", ""SHANNON"", ""CLAIRE"", ""MICHAEL"", ""SUN"", ""JIN"", ""WALT""]"
1,2,3,"[""MICHAEL"", ""JACK"", ""SAWYER"", ""SAYID"", ""KATE"", ""HURLEY"", ""BOONE"", ""ROSE"", ""SUN""]"
1,2,4,"[""HURLEY"", ""MICHAEL"", ""WALT"", ""JACK"", ""BOONE"", ""SHANNON"", ""KATE"", ""CHARLIE"", ""SAWYER"", ""LOCKE"", ""CLAIRE"", ""SAYID""]"
1,2,5,"[""HURLEY"", ""JACK"", ""BOONE"", ""SAYID and KATE"", ""SHANNON"", ""CHARLIE"", ""SAYID"", ""SAWYER"", ""KATE"", ""MICHELLE"", ""MARSHAL"", ""CINDY"", ""RADIO""]"
1,3,1,"[""MARSHAL"", ""JACK"", ""BOONE"", ""SAWYER"", ""SAYID"", ""SHANNON"", ""KATE"", ""CHARLIE"", ""HURLEY""]"
1,3,2,"[""SAYID"", ""BOONE"", ""SAWYER"", ""SHANNON"", ""CHARLIE"", ""RAY"", ""KATE"", ""HURLEY"", ""JACK""]"
1,3,3,"[""HURLEY"", ""JACK"", ""SAWYER"", ""CHARLIE"", ""CLAIRE"", ""SUN"", ""JIN"", ""KATE"", ""RAY"", ""Jack""]"
1,3,4,"[""MICHAEL"", ""WALT"", ""CHARLIE"", ""LOCKE"", ""SHANNON"", ""BOONE"", ""SAYID"", ""JACK"", ""SAWYER"", ""KATE"", ""MARSHAL""]"
1,3,5,"[""MARSHAL"", ""KATE"", ""HURLEY"", ""JACK"", ""SAWYER""]"
1,3,6,"[""LOCKE"", ""MICHAEL"", ""KATE"", ""JACK""]"
1,4,1,"[""MICHAEL"", ""WALT"", ""KATE"", ""CLAIRE"", ""SAYID"", ""JACK"", ""SAWYER"", ""HURLEY"", ""CHARLIE"", ""LOCKE""]"
1,4,2,"[""JACK"", ""CHARLIE"", ""SAYID"", ""KATE"", ""WALT"", ""MICHAEL"", ""HURLEY"", ""SAWYER"", ""SHANNON"", ""LOCKE"", ""GL12"", ""RANDY""]"
1,4,3,"[""JACK"", ""KATE"", ""WALT"", ""MICHAEL"", ""SUN"", ""CLAIRE"", ""BOONE"", ""SHANNON"", ""LOCKE"", ""CHARLIE"", ""GL12"", ""RANDY""]"
1,4,4,"[""CHARLIE"", ""HURLEY"", ""CLAIRE"", ""SAYID"", ""ROSE"", ""JACK"", ""LOCKE"", ""HELEN"", ""KATE"", ""MICHAEL""]"
1,4,5,"[""SAWYER"", ""CLAIRE"", ""WALT"", ""SUN"", ""HURLEY"", ""MICHAEL"", ""KATE"", ""BOONE"", ""SHANNON"", ""CHARLIE"", ""JACK"", ""ROSE"", ""SAYID""]"
1,4,6,"[""CLAIRE"", ""KATE"", ""MICHAEL"", ""LOCKE"", ""AGENT""]"
1,5,1,"[""MEATHEAD"", ""CHARLIE"", ""JACK"", ""BOONE"", ""KATE""]"
1,5,2,"[""KATE"", ""JACK"", ""MICHAEL"", ""WALT"", ""JIN"", ""SUN"", ""JIN&#160;"", ""SHANNON"", ""SAWYER"", ""CLAIRE"", ""HURLEY"", ""CHARLIE"", ""CHRISTIAN SHEPHARD"", ""YOUNG JACK"", ""BOONE""]"
1,5,3,"[""MARGO"", ""JACK"", ""WALT"", ""KATE"", ""CHARLIE"", ""MICHAEL"", ""CLAIRE"", ""LOCKE"", ""SAYID"", ""HOTEL MANAGER""]"
1,5,4,"[""LOCKE"", ""CHARLIE"", ""CLAIRE"", ""HURLEY"", ""SAYID"", ""KATE"", ""SUN"", ""Jin"", ""SAWYER"", ""JACK""]"
1,5,5,"[""MEDICAL EXAMINER"", ""JACK"", ""AGENT""]"
1,5,6,"[""BOONE"", ""CLAIRE"", ""CHARLIE"", ""MICHAEL"", ""KATE"", ""JACK"", ""SUN"", ""JIN"", ""SAWYER""]"
1,6,1,"[""KATE"", ""JACK"", ""CHARLIE"", ""JIN"", ""SUN"", ""MICHAEL"", ""WALT"", ""Sun""]"
1,6,2,"[""SAYID"", ""JACK"", ""KATE"", ""LOCKE"", ""CHARLIE"", ""MICHAEL"", ""Jin"", ""JIN"", ""Sun"", ""SAWYER"", ""HURLEY"", ""SUN""]"
1,6,3,"[""KATE"", ""JACK"", ""LOCKE"", ""CHARLIE"", ""JIN"", ""SUN"", ""MICHAEL"", ""WALT""]"
1,6,4,"[""KATE"", ""JACK"", ""CHARLIE"", ""LOCKE"", ""SAYID"", ""MICHAEL"", ""HURLEY"", ""SAWYER"", ""INTERIOR DECORATOR"", ""SUN"", ""JIN"", ""INTERIOR DECORATOR,""]"
1,6,5,"[""MICHAEL"", ""SUN"", ""CHARLIE"", ""LOCKE"", ""JACK"", ""KATE"", ""JIN""]"
1,6,6,"[""JACK"", ""LOCKE"", ""HURLEY"", ""WALT"", ""MICHAEL""]"
1,7,1,"[""LOCKE"", ""CHARLIE"", ""KATE"", ""JACK"", ""SAWYER"", ""PRIEST"", ""LIAM""]"
1,7,2,"[""CHARLIE"", ""LOCKE"", ""SAYID"", ""BOONE"", ""KATE"", ""SAWYER"", ""HURLEY"", ""JACK"", ""LIAM"", ""SUN"", ""JIN""]"
1,7,3,"[""HURLEY"", ""CHARLIE"", ""KATE"", ""SAYID"", ""MICHAEL"", ""BOONE"", ""STEVE"", ""SCOTT"", ""SHANNON"", ""SAWYER"", ""LIAM"", ""WALT"", ""LOCKE""]"
1,7,4,"[""MICHAEL"", ""HURLEY"", ""BOONE"", ""JACK"", ""SAYID"", ""SAWYER"", ""KATE"", ""JIN"", ""CHARLIE"", ""LIAM""]"
1,7,5,"[""HURLEY"", ""BOONE"", ""MICHAEL"", ""KATE"", ""CHARLIE"", ""JACK"", ""LIAM"", ""WALT"", ""SAYID"", ""SHANNON""]"
1,7,6,"[""HURLEY"", ""JACK"", ""CHARLIE"", ""WALT"", ""KATE"", ""LOCKE""]"
1,8,1,"[""SAWYER"", ""KATE"", ""JESS"", ""JACK"", ""SAYID"", ""SHANNON"", ""BOONE""]"
1,8,2,"[""CHARLIE"", ""CLAIRE"", ""BOONE"", ""JACK"", ""SAWYER"", ""KATE"", ""JESS""]"
1,8,3,"[""SAYID"", ""LOCKE"", ""BOONE"", ""JACK"", ""SAWYER"", ""JESS"", ""DAVID"", ""CLAIRE"", ""CHARLIE"", ""SHANNON"", ""HURLEY""]"
1,8,4,"[""HURLEY"", ""CHARLIE"", ""MICHAEL"", ""SUN"", ""SAYID"", ""KATE"", ""JACK"", ""SAWYER"", ""KILO""]"
1,8,5,"[""BOONE"", ""SAYID"", ""SHANNON"", ""MICHAEL"", ""SUN"", ""JIN"", ""SAWYER"", ""JACK"", ""DAVID"", ""JESS"", ""BOY"", ""KATE""]"
1,8,6,"[""BOONE"", ""JACK"", ""CLAIRE"", ""CHARLIE"", ""KATE"", ""SAYID""]"
1,9,1,"[""SAWYER"", ""JACK"", ""KATE""]"
1,9,2,"[""SAYID"", ""SHANNON"", ""JACK"", ""HURLEY"", ""SULLIVAN (a redshirt)"", ""SULLIVAN"", ""DANIELLE"", ""PRISONER"", ""OMAR"", ""ETHAN"", ""LOCKE"", ""WALT"", ""MICHAEL""]"
1,9,3,"[""SAYID"", ""DANIELLE"", ""OMAR"", ""NADIA"", ""WALT"", ""MICHAEL"", ""HURLEY"", ""JACK"", ""CHARLIE""]"
1,9,4,"[""MICHAEL"", ""JACK"", ""CHARLIE"", ""SULLIVAN"", ""DANIELLE"", ""SAYID"", ""NADIA"", ""BOONE"", ""SHANNON"", ""KATE"", ""SAWYER"", ""OMAR""]"
1,9,5,"[""CHARLIE"", ""HURLEY"", ""KATE"", ""JACK"", ""WALT"", ""MICHAEL"", ""SAYID"", ""NADIA"", ""OMAR"", ""DANIELLE""]"
1,9,6,"[""CHARLIE"", ""HURLEY"", ""MICHAEL"", ""KATE"", ""BOONE"", ""SULLIVAN"", ""SAWYER"", ""SHANNON"", ""LOCKE"", ""WALT""]"
1,10,1,"[""CLAIRE"", ""LOCKE"", ""CHARLIE""]"
1,10,2,"[""JACK"", ""CLAIRE"", ""THOMAS"", ""KATE"", ""CHARLIE"", ""RACHEL"", ""MALKIN""]"
1,10,3,"[""CLAIRE"", ""CHARLIE"", ""JACK"", ""MICHAEL"", ""HURLEY"", ""ETHAN"", ""THOMAS"", ""LOCKE"", ""KATE"", ""MALKIN""]"
1,10,4,"[""CLAIRE"", ""MALKIN"", ""CHARLIE"", ""SHANNON"", ""HURLEY"", ""BOONE"", ""SAWYER""]"
1,10,5,"[""CHARLIE"", ""CLAIRE"", ""LAWYER"", ""ARLENE"", ""ETHAN"", ""MALKIN""]"
1,10,6,"[""CHARLIE"", ""CLAIRE"", ""JACK"", ""SAYID"", ""HURLEY"", ""ETHAN""]"
1,11,1,"[""HURLEY"", ""KATE"", ""JACK"", ""MICHAEL"", ""LOCKE""]"
1,11,2,"[""LOCKE"", ""JACK"", ""NURSE"", ""NURSE #2"", ""CHRISTIAN SHEPHARD"", ""KATE"", ""SHANNON"", ""BOONE"", ""WALT"", ""MICHAEL"", ""HURLEY""]"
1,11,3,"[""JACK"", ""LOCKE"", ""KATE"", ""BOONE"", ""SAWYER"", ""WALT"", ""CHRISTIAN SHEPHARD""]"
1,11,4,"[""SAWYER"", ""SAYID"", ""HURLEY"", ""WALT"", ""BOONE"", ""LOCKE"", ""JACK"", ""KATE"", ""ETHAN""]"
1,11,5,"[""ANDREA"", ""JACK"", ""KATE"", ""CHRISTIAN SHEPHARD"", ""HOSPITAL ADMINISTRATOR""]"
1,11,6,"[""WALT"", ""MICHAEL"", ""JACK"", ""CHARLIE"", ""SHANNON"", ""KATE"", ""BOONE"", ""LOCKE""]"
1,12,1,"[""SAWYER"", ""KATE""]"
1,12,2,"[""SAWYER"", ""KATE"", ""SAYID"", ""JACK"", ""BOONE"", ""SHANNON"", ""Mark Hutton"", ""HUTTON"", ""ROBBERS"", ""JASON"", ""ROBBER #2""]"
1,12,3,"[""SAYID"", ""SHANNON"", ""SAWYER"", ""Michael"", ""HURLEY"", ""MICHAEL"", ""LOCKE"", ""BOONE"", ""ROSE"", ""CHARLIE"", ""KATE"", ""JASON"", ""HUTTON"", ""ROBBER #2"", ""BASEBALL HAT""]"
1,12,4,"[""SHANNON"", ""SAYID"", ""JACK"", ""SUN"", ""KATE"", ""CHARLIE"", ""ROSE"", ""JASON"", ""ROBBER #3"", ""HUTTON""]"
1,12,5,"[""SHANNON"", ""SAYID"", ""JACK"", ""SAWYER"", ""KATE"", ""JASON"", ""HUTTON"", ""ROBBER #2""]"
1,12,6,"[""CHARLIE"", ""ROSE"", ""SHANNON"", ""SAYID""]"
1,13,1,"[""SAYID"", ""SHANNON"", ""HURLEY"", ""BOONE"", ""NICOLE"", ""LOCKE""]"
1,13,2,"[""HURLEY"", ""JACK"", ""KATE"", ""BOONE"", ""LOCKE"", ""BRYAN"", ""SHANNON"", ""JIN""]"
1,13,3,"[""BOONE"", ""LOCKE"", ""MALCOLM"", ""SAWYER"", ""BRYAN"", ""KATE"", ""SUN"", ""HURLEY"", ""JIN"", ""SAYID"", ""SHANNON""]"
1,13,4,"[""SAYID"", ""JACK"", ""SHANNON"", ""BOONE"", ""BRYAN"", ""LOCKE"", ""KATE"", ""SUN"", ""HURLEY"", ""CHARLIE"", ""WALT"", ""MICHAEL"", ""JIN""]"
1,13,5,"[""BOONE"", ""SHANNON""]"
1,13,6,"[""BOONE"", ""LOCKE""]"
1,14,1,"[""MICHAEL"", ""CHARLIE"", ""JACK"", ""HURLEY"", ""SUSAN"", ""WALT"", ""LOCKE"", ""BOONE""]"
1,14,2,"[""MICHAEL"", ""SUSAN"", ""SUN"", ""SAYID"", ""SHANNON"", ""JACK"", ""WALT"", ""BRIAN"", ""MAN""]"
1,14,3,"[""KATE"", ""CHARLIE"", ""WALT"", ""MICHAEL"", ""SAWYER"", ""SHANNON"", ""BOONE"", ""LOCKE"", ""NURSE"", ""SUSAN"", ""HURLEY""]"
1,14,4,"[""MICHAEL"", ""LOCKE"", ""BOONE"", ""CHARLIE"", ""KATE"", ""WALT"", ""SUSAN"", ""BRIAN""]"
1,14,5,"[""BRIAN"", ""MICHAEL"", ""WALT"", ""LOCKE"", ""NANNY""]"
1,14,6,"[""WALT"", ""MICHAEL"", ""LOCKE"", ""CHARLIE"", ""JACK"", ""SAYID"", ""BOONE""]"
1,15,1,"[""VOICE"", ""LOCKE"", ""CHARLIE"", ""MICHAEL"", ""WALT"", ""JACK"", ""HURLEY"", ""CLAIRE""]"
1,15,2,"[""CLAIRE"", ""CHARLIE"", ""JACK"", ""JIN"", ""SUN"", ""BOONE"", ""LOCKE"", ""TOMMY"", ""LUCY"", ""SAYID"", ""ETHAN""]"
1,15,3,"[""CHARLIE"", ""LOCKE"", ""JACK"", ""SUN"", ""JIN"", ""CLAIRE"", ""LUCY"", ""KATE"", ""SAYID"", ""BOONE"", ""FRANK"", ""TOMMY""]"
1,15,4,"[""LOCKE"", ""SAYID"", ""BOONE"", ""HURLEY"", ""KATE"", ""SAWYER"", ""SEVERAL PEOPLE"", ""CLAIRE"", ""SHANNON"", ""CHARLIE"", ""LUCY"", ""JACK""]"
1,15,5,"[""CHARLIE"", ""JACK"", ""SAYID"", ""CLAIRE"", ""LOCKE"", ""SAWYER"", ""KATE""]"
1,15,6,"[""LOCKE"", ""SAWYER"", ""SAYID"", ""JACK"", ""CHARLIE"", ""LUCY"", ""CLAIRE""]"
1,16,1,"[""MARY"", ""YOUNG SAWYER"", ""SAWYER'S FATHER""]"
1,16,2,"[""SAYID"", ""SAWYER"", ""MARY JO"", ""HIBBS"", ""KATE"", ""JACK"", ""CLAIRE"", ""CHARLIE"", ""LAURENCE""]"
1,16,3,"[""CHARLIE"", ""HURLEY"", ""SAYID"", ""KATE"", ""SAWYER""]"
1,16,4,"[""KATE"", ""SAWYER"", ""LOCKE"", ""DUCKETT"", ""BARTENDER"", ""CHRISTIAN SHEPHARD""]"
1,16,5,"[""SAYID"", ""CHARLIE"", ""SAWYER"", ""KATE"", ""DUCKETT""]"
1,16,6,"[""CHARLIE"", ""CLAIRE"", ""SAWYER"", ""JACK""]"
1,17,1,"[""MR. PAIK"", ""JIN"", ""SUN"", ""JACK"", ""CLAIRE"", ""CHARLIE"", ""MICHAEL"", ""KATE""]"
1,17,2,"[""JIN"", ""SUN"", ""BEST FRIEND"", ""MICHAEL"", ""HURLEY"", ""SHANNON"", ""SAYID"", ""WALT"", ""JACK"", ""SAWYER"", ""KATE"", ""CHARLIE""]"
1,17,3,"[""MICHAEL"", ""SUN"", ""JACK"", ""KATE"", ""WALT"", ""SAWYER"", ""CHARLIE"", ""JIN"", ""MR. PAIK"", ""HAN"", ""BOONE"", ""SAYID""]"
1,17,4,"[""SHANNON"", ""SAYID"", ""LOCKE"", ""SAWYER"", ""SUN"", ""JIN"", ""MR. PAIK"", ""WHITE SUIT"", ""HAN"", ""JACK"", ""MICHAEL"", ""HURLEY""]"
1,17,5,"[""CHARLIE"", ""HURLEY"", ""JACK"", ""SUN"", ""MICHAEL"", ""SAWYER"", ""LOCKE"", ""WALT"", ""FATHER"", ""JIN""]"
1,17,6,"[""SAYID"", ""SHANNON"", ""LOCKE"", ""WALT"", ""JIN"", ""HURLEY""]"
1,18,1,"[""JIN"", ""HURLEY"", ""MICHAEL"", ""JACK"", ""SAYID"", ""CARMEN"", ""MARY JO"", ""LOTTO OFFICIAL""]"
1,18,2,"[""HURLEY"", ""SAYID"", ""REPORTER #1"", ""REPORTER #2"", ""DIEGO"", ""TITO"", ""CHARLIE"", ""LOCKE"", ""CLAIRE"", ""JACK"", ""SHANNON"", ""CARMEN"", ""COP""]"
1,18,3,"[""HURLEY"", ""KEN HALPERIN"", ""KEN"", ""SAWYER"", ""MICHAEL"", ""WALT"", ""JIN"", ""SUN"", ""KATE"", ""SAYID"", ""CHARLIE"", ""JACK"", ""NURSE"", ""DR. CURTIS"", ""LENNY"", ""HUGO""]"
1,18,4,"[""HURLEY"", ""LENNY"", ""ORDERLY"", ""SAYID"", ""CHARLIE"", ""JACK"", ""MARTHA"", ""CLAIRE"", ""LOCKE""]"
1,18,5,"[""JACK"", ""SAYID"", ""HURLEY"", ""CHARLIE"", ""DANIELLE""]"
1,18,6,"[""LOCKE"", ""CLAIRE"", ""CHARLIE"", ""HURLEY""]"
1,19,1,"[""KID"", ""LOCKE"", ""EMILY"", ""BOONE""]"
1,19,2,"[""BOONE"", ""LOCKE"", ""MAN"", ""EMILY"", ""SAWYER"", ""SUN"", ""KATE"", ""JACK""]"
1,19,3,"[""LOCKE"", ""BOONE"", ""FRAINEY"", ""EDDIE"", ""COOPER"", ""JACK"", ""MICHAEL"", ""JIN"", ""SAWYER""]"
1,19,4,"[""LOCKE"", ""EDDIE"", ""COOPER"", ""BOONE"", ""SAWYER"", ""KATE"", ""JACK""]"
1,19,5,"[""BOONE"", ""LOCKE"", ""COOPER"", ""SAWYER"", ""JACK"", ""HURLEY"", ""RADIO VOICE""]"
1,19,6,"[""KATE"", ""JACK"", ""LOCKE"", ""NURSE"", ""EMILY"", ""EDDIE""]"
1,20,1,"[""JACK"", ""KATE"", ""HURLEY"", ""SUN"", ""MARC"", ""TUX SHOP OWNER"", ""BOONE""]"
1,20,2,"[""MICHAEL"", ""SAWYER"", ""CLAIRE"", ""KATE"", ""BOONE"", ""JACK"", ""SUN"", ""CHARLIE"", ""MARC"", ""SARAH""]"
1,20,3,"[""KATE"", ""CLAIRE"", ""JIN"", ""JACK"", ""SUN"", ""BOONE"", ""SHANNON"", ""SAYID"", ""CHARLIE"", ""SARAH"", ""HURLEY""]"
1,20,4,"[""CLAIRE"", ""KATE"", ""BOONE"", ""JACK"", ""SHANNON"", ""SAYID"", ""CHARLIE"", ""JIN"", ""SUN"", ""HURLEY"", ""CHRISTIAN SHEPHARD"", ""MICHAEL""]"
1,20,5,"[""KATE"", ""CLAIRE"", ""CHARLIE"", ""SUN"", ""JACK"", ""MICHAEL"", ""SARAH"", ""MINISTER"", ""BOONE""]"
1,20,6,"[""JACK"", ""KATE""]"
1,21,1,"[""SAYID"", ""AIRPORT ANNOUNCEMENT"", ""AGENT COLE"", ""AGENT HEWITT"", ""JACK"", ""KATE"", ""SHANNON"", ""LOCKE"", ""CHARLIE""]"
1,21,2,"[""CHARLIE"", ""JACK"", ""KATE"", ""SAWYER"", ""SAYID"", ""SUN"", ""ESSAM"", ""YUSEF"", ""HADDAD"", ""CLAIRE"", ""LOCKE"", ""SHANNON""]"
1,21,3,"[""KATE"", ""JACK"", ""SAYID"", ""LOCKE"", ""ESSAM"", ""AGENT COLE"", ""AGENT HEWITT"", ""CHARLIE"", ""HURLEY""]"
1,21,4,"[""SAYID"", ""LOCKE"", ""ESSAM"", ""SHANNON"", ""WALT"", ""MICHAEL"", ""JIN"", ""CHARLIE"", ""SAWYER"", ""KATE"", ""JACK""]"
1,21,5,"[""HADDAD"", ""SAYID"", ""ESSAM"", ""JACK"", ""LOCKE"", ""SHANNON""]"
1,21,6,"[""SAWYER"", ""CHARLIE"", ""CLAIRE"", ""KATE"", ""SAYID"", ""AGENT COLE"", ""AGENT HEWITT"", ""LOCKE""]"
1,22,1,"[""KATE"", ""SANJAY"", ""CHARLIE"", ""ARZT"", ""MICHAEL"", ""SAWYER"", ""JACK""]"
1,22,2,"[""MICHAEL"", ""KATE"", ""HOSPITAL ANNOUNCEMENT"", ""NURSE"", ""TOM"", ""SUN"", ""JIN"", ""JACK"", ""SAYID"", ""LOCKE"", ""SAWYER"", ""WALT""]"
1,22,3,"[""WALT"", ""KATE"", ""SUN"", ""JACK"", ""LOCKE"", ""SAYID"", ""MICHAEL"", ""TOM""]"
1,22,4,"[""JACK"", ""MICHAEL"", ""HURLEY"", ""LOCKE"", ""CLAIRE"", ""CHARLIE"", ""KATE"", ""TOM"", ""YOUNG TOM"", ""YOUNG KATE"", ""WALT""]"
1,22,5,"[""SAWYER"", ""MICHAEL"", ""KATE"", ""CHARLIE"", ""TOM"", ""DIANE"", ""SECURITY GUARD""]"
1,22,6,"[""JACK"", ""SUN"", ""SAWYER"", ""KATE"", ""WALT"", ""MICHAEL""]"
1,23,1,"[""MICHAEL"", ""WALT"", ""STEVE"", ""SAWYER"", ""SAYID"", ""DANIELLE""]"
1,23,2,"[""DANIELLE"", ""JACK"", ""LOCKE"", ""MICHAEL"", ""JIN"", ""REDSHIRT"", ""SAWYER"", ""WALT"", ""SAYID"", ""HURLEY""]"
1,23,3,"[""ANA LUCIA"", ""JACK"", ""ARZT"", ""MICHAEL"", ""JIN"", ""SAWYER"", ""CALDERWOOD""]"
1,23,4,"[""AUSTRALIAN OFFICIAL"", ""MARSHAL"", ""KATE"", ""JACK"", ""CHARLIE"", ""LOCKE"", ""HURLEY"", ""ARZT"", ""MICHAEL"", ""WALT"", ""JIN"", ""DANIELLE"", ""SAWYER""]"
1,23,5,"[""ARZT"", ""HURLEY"", ""LOCKE"", ""DANIELLE"", ""KATE"", ""JACK"", ""WALT"", ""SHANNON"", ""AIRPORT ANNOUNCEMENT"", ""SAYID"", ""BOONE"", ""AIRPORT COP"", ""SAWYER""]"
1,23,6,"[""JIN"", ""SUN"", ""GINA"", ""JEFF"", ""MICHAEL"", ""WALT""]"
1,24,1,"[""CHARLIE"", ""CLAIRE"", ""SAYID"", ""HURLEY"", ""DANIELLE"", ""ARZT"", ""JACK"", ""LOCKE"", ""KATE""]"
1,24,2,"[""SUN"", ""JIN"", ""AIRPORT COP"", ""SAYID"", ""HAWAIIAN SHIRT"", ""WALT"", ""MICHAEL"", ""SAWYER"", ""SHANNON"", ""KATE"", ""HURLEY"", ""JACK"", ""LOCKE"", ""CHARLIE"", ""CLAIRE"", ""DANIELLE""]"
1,24,3,"[""LILY"", ""CHARLIE"", ""SAYID"", ""SUN"", ""CLAIRE"", ""JACK"", ""LOCKE"", ""KATE"", ""HURLEY"", ""WALT"", ""MICHAEL"", ""SAWYER""]"
1,24,4,"[""MICHAEL"", ""WALT"", ""JIN"", ""SAWYER"", ""KATE"", ""JACK"", ""LOCKE"", ""HURLEY""]"
1,24,5,"[""SUN"", ""SHANNON"", ""CLAIRE"", ""SAYID"", ""CHARLIE"", ""HURLEY"", ""LOCKE""]"
1,24,1,"[""KATE"", ""JACK""]"
1,24,2,"[""JACK"", ""KATE"", ""LOCKE"", ""MICHAEL"", ""JIN"", ""SUN"", ""CLAIRE"", ""CHARLIE"", ""SAYID""]"
1,24,3,"[""HURLEY"", ""CHARLIE"", ""TICKET AGENT"", ""SECURITY AGENT"", ""ARZT"", ""OLD SCOOTER MAN"", ""GATE AGENT"", ""KATE"", ""LOCKE"", ""JACK"", ""MICHAEL"", ""SAWYER""]"
1,24,4,"[""GATE AGENT"", ""LOCKE"", ""JD"", ""MICHELLE"", ""HURLEY"", ""JACK"", ""KATE"", ""CHARLIE"", ""SAYID"", ""DANIELLE"", ""SAWYER"", ""MICHAEL"", ""JIN"", ""WALT"", ""BEARDED MAN""]"
1,24,5,[]
2,1,1,[]
2,1,2,"[""HURLEY"", ""KATE"", ""JACK"", ""LOCKE"", ""EMT"", ""NURSE"", ""INTERN"", ""EMT #2"", ""NURSE #2"", ""SARAH"", ""CHARLIE"", ""N.D. Survivor"", ""SAYID"", ""SHANNON"", ""REDSHIRT""]"
2,1,3,"[""KATE"", ""LOCKE"", ""HURLEY"", ""JACK"", ""SARAH"", ""CHRISTIAN SHEPHARD"", ""SHANNON"", ""SAYID"", ""CLAIRE"", ""CHARLIE"", ""SUN""]"
2,1,4,"[""KATE"", ""JACK"", ""KEVIN"", ""SARAH"", ""LOCKE""]"
2,1,5,"[""HURLEY"", ""JACK"", ""DESMOND"", ""LOCKE""]"
2,1,6,"[""SARAH"", ""JACK"", ""GUNMAN'S VOICE"", ""LOCKE"", ""GUNMAN's VOICE""]"
2,2,1,"[""WALT"", ""MICHAEL"", ""SAWYER"", ""JIN"", ""LOCKE""]"
2,2,2,"[""MICHAEL"", ""SAWYER"", ""ATTORNEY"", ""LOCKE"", ""KATE"", ""DESMOND""]"
2,2,3,"[""MICHAEL"", ""SAWYER"", ""LIZZY"", ""ATTORNEY"", ""DESMOND"", ""LOCKE"", ""KATE""]"
2,2,4,"[""HURLEY"", ""JACK"", ""CLAIRE"", ""CHARLIE"", ""SAWYER"", ""MICHAEL"", ""SUSAN"", ""LOCKE"", ""DESMOND""]"
2,2,5,"[""DESMOND"", ""LOCKE"", ""JACK"", ""MICHAEL"", ""SAWYER""]"
2,2,6,"[""SUSAN"", ""MICHAEL"", ""SAWYER"", ""JIN""]"
2,3,1,"[""MICHAEL"", ""DESMOND"", ""JACK"", ""FRANCINE"", ""MODERATOR"", ""LOCKE"", ""HELEN""]"
2,3,2,"[""DESMOND"", ""JACK"", ""LOCKE"", ""HELEN"", ""COOPER"", ""KATE""]"
2,3,3,"[""HURLEY"", ""SAYID"", ""KATE"", ""SAWYER"", ""JIN"", ""MICHAEL"", ""JACK"", ""LOCKE"", ""MARVIN CANDLE""]"
2,3,4,"[""LOCKE"", ""HELEN"", ""JACK"", ""MICHAEL"", ""SAWYER"", ""ANA LUCIA"", ""DESMOND""]"
2,3,5,"[""LOCKE"", ""HELEN"", ""KATE"", ""HURLEY"", ""SAYID"", ""SAWYER"", ""ANA LUCIA"", ""MICHAEL"", ""LEADER""]"
2,3,6,"[""JACK"", ""DESMOND"", ""LOCKE"", ""SAYID"", ""KATE"", ""HURLEY""]"
2,4,1,"[""JIN"", ""HURLEY"", ""KATE"", ""SAWYER"", ""MICHAEL"", ""LEADER"", ""ANA LUCIA""]"
2,4,2,"[""MARY JO"", ""LOTTO OFFICIAL"", ""CARMEN"", ""HURLEY"", ""CHARLIE"", ""ROSE"", ""JACK""]"
2,4,3,"[""ROSE"", ""JACK"", ""HURLEY"", ""KATE"", ""JOHNNY"", ""RANDY"", ""LOCKE"", ""CHARLIE"", ""SAYID"", ""LEADER"", ""SAWYER"", ""MICHAEL"", ""ANA LUCIA""]"
2,4,4,"[""CHARLIE"", ""LOCKE"", ""HURLEY"", ""JOHNNY"", ""STARLA"", ""SAYID"", ""JACK"", ""KATE"", ""LIBBY"", ""MICHAEL"", ""LEADER"", ""SAWYER"", ""ANA LUCIA""]"
2,4,5,"[""CLAIRE"", ""SUN"", ""SHANNON"", ""HURLEY"", ""LOCKE"", ""JOHNNY"", ""RANDY"", ""ROSE"", ""GAS STATION CLERK""]"
2,4,6,"[""HURLEY"", ""JACK"", ""BERNARD"", ""SAWYER"", ""MICHAEL""]"
2,5,1,"[""SUN"", ""CLAIRE"", ""MRS. PAIK"", ""TAI"", ""JIN"", ""MICHAEL"", ""SAWYER"", ""ANA LUCIA""]"
2,5,2,"[""ANA LUCIA"", ""SAWYER"", ""MICHAEL"", ""LEADER"", ""LIBBY"", ""JIN"", ""JACK"", ""SUN"", ""MR. KIM"", ""EKO"", ""BERNARD""]"
2,5,3,"[""ANA LUCIA"", ""SAWYER"", ""JIN"", ""EKO"", ""HURLEY"", ""SUN"", ""MRS. PAIK"", ""MRS. SHIN"", ""MRS. LEE"", ""JAE""]"
2,5,4,"[""JIN"", ""EKO"", ""LOCKE"", ""SUN"", ""JAE"", ""MANAGER""]"
2,5,5,"[""JIN"", ""EKO"", ""POOR MAN"", ""MR. KIM"", ""KATE"", ""SUN"", ""ANA LUCIA"", ""SAWYER"", ""MICHAEL""]"
2,5,6,"[""MICHAEL"", ""JIN"", ""EKO"", ""KATE"", ""SUN"", ""SUN, JIN""]"
2,6,1,"[""SHANNON"", ""SAYID"", ""CINDY"", ""ANA"", ""SAWYER"", ""MICHAEL"", ""JIN"", ""EKO"", ""BERNARD"", ""LIBBY""]"
2,6,2,"[""SAYID"", ""SHANNON"", ""CHARLIE"", ""CLAIRE"", ""SOPHIE"", ""NORA"", ""SABRINA"", ""DOCTOR"", ""ANA"", ""EKO"", ""SAWYER"", ""LIBBY"", ""MICHAEL"", ""BERNARD"", ""HURLEY"", ""ROSE""]"
2,6,3,"[""CLAIRE"", ""LOCKE"", ""BOONE"", ""SHANNON"", ""EKO"", ""ANA"", ""CHARLIE"", ""JIN"", ""SAWYER"", ""MICHAEL""]"
2,6,4,"[""SAYID"", ""SHANNON"", ""NORA"", ""SABRINA"", ""CHARLIE"", ""LOCKE"", ""BERNARD"", ""JIN"", ""MICHAEL"", ""SAWYER""]"
2,6,5,"[""JIN"", ""LIBBY"", ""MICHAEL"", ""ANA"", ""BERNARD"", ""CINDY"", ""SAYID"", ""SHANNON"", ""EKO""]"
2,6,6,"[""BOONE"", ""SHANNON"", ""SAYID"", ""WALT""]"
2,7,1,"[""WOMAN'S VOICE"", ""ZACH"", ""ANA LUCIA"", ""EKO"", ""ANA"", ""UNKNOWN WOMAN'S VOICE"", ""UNKNOWN #2 WOMAN'S VOICE"", ""EMMA"", ""PAM'S HUSBAND""]"
2,7,2,"[""EKO"", ""UNKNOWN WOMAN'S VOICE"", ""CINDY"", ""DONALD"", ""LIBBY"", ""ANA LUCIA"", ""GOODWIN"", ""BERNARD""]"
2,7,3,"[""ANA LUCIA"", ""ANA"", ""NATHAN"", ""GOODWIN"", ""CINDY"", ""LIBBY"", ""COLE"", ""OGIE"", ""UNKNOWN MAN"", ""UNKNOWN WOMAN'S VOICE"", ""EMMA"", ""UNKNOWN MAN'S VOICE"", ""BERNARD""]"
2,7,4,"[""ANA"", ""EKO"", ""NATHAN"", ""ANA LUCIA"", ""GOODWIN"", ""BERNARD"", ""LIBBY"", ""CINDY""]"
2,7,5,"[""GOODWIN"", ""ANA LUCIA"", ""CINDY"", ""BERNARD"", ""LIBBY"", ""BOONE"", ""EKO""]"
2,7,6,"[""CINDY"", ""LIBBY"", ""EKO"", ""JIN"", ""BERNARD"", ""ANA LUCIA"", ""SAWYER"", ""MICHAEL""]"
2,8,1,"[""MATTHEW"", ""ANA LUCIA"", ""MICHAEL""]"
2,8,2,"[""ANA LUCIA"", ""EKO"", ""MICHAEL"", ""BERNARD"", ""JIN"", ""LIBBY"", ""CAPTAIN"", ""RAGGS"", ""ROSE"", ""JACK"", ""HURLEY"", ""KATE"", ""CHARLIE"", ""SAYID""]"
2,8,3,"[""BIG MIKE"", ""ANA LUCIA"", ""POLICE RADIO VOICE"", ""SHAWNA"", ""TRAVIS"", ""LIBBY"", ""MICHAEL"", ""SAYID"", ""JACK"", ""KATE"", ""EKO"", ""LOCKE"", ""BERNARD"", ""JIN""]"
2,8,4,"[""BIG MIKE"", ""ANA LUCIA"", ""RAGGS"", ""CAPTAIN"", ""LOCKE"", ""EKO"", ""KATE"", ""JACK"", ""BERNARD"", ""LIBBY""]"
2,8,5,"[""SUN"", ""MICHAEL"", ""JACK"", ""LOCKE"", ""EKO"", ""ANA LUCIA"", ""SAYID"", ""JASON""]"
2,8,6,"[""KATE""]"
2,9,1,"[""JACK"", ""SAWYER"", ""WAYNE"", ""KATE""]"
2,9,2,"[""DIANE"", ""KATE"", ""JACK"", ""ANA"", ""EKO"", ""SAYID"", ""SAWYER""]"
2,9,3,"[""LOCKE"", ""JACK"", ""CHARLIE"", ""KATE"", ""GUY IN LINE"", ""MARSHAL"", ""JIN"", ""MICHAEL"", ""EKO""]"
2,9,4,"[""MARVIN CANDLE"", ""MICHAEL"", ""LOCKE"", ""KATE"", ""SAYID"", ""MARSHAL"", ""EKO""]"
2,9,5,"[""HURLEY"", ""JACK"", ""KATE"", ""SUN"", ""AUSTEN"", ""SAWYER""]"
2,9,6,"[""LOCKE"", ""EKO"", ""SAWYER"", ""KATE"", ""JACK"", ""ANA"", ""MARVIN CANDLE"", ""MONITOR"", ""MICHAEL""]"
2,10,1,"[""THUG"", ""THUG #2"", ""PRIEST"", ""THUG CAPTAIN"", ""YOUNG EKO"", ""CLAIRE"", ""EKO""]"
2,10,2,"[""MICHAEL"", ""LOCKE"", ""CHARLIE"", ""JIN"", ""EKO"", ""TOUGH MOROCCAN"", ""CLAIRE""]"
2,10,3,"[""CHARLIE"", ""EKO"", ""NIGERIAN WOMAN"", ""YEMI"", ""SAWYER"", ""KATE"", ""HURLEY"", ""MICHAEL""]"
2,10,4,"[""CHARLIE"", ""EKO"", ""YEMI""]"
2,10,5,"[""EKO"", ""CHARLIE"", ""MICHAEL"", ""MONITOR"", ""JACK"", ""OLU"", ""YEMI"", ""GOLDIE"", ""SOLDIER""]"
2,10,6,"[""CHARLIE"", ""EKO"", ""CLAIRE""]"
2,11,1,"[""CHRISTIAN"", ""ANGELO"", ""GABRIELA"", ""JACK"", ""MICHAEL""]"
2,11,2,"[""LOCKE"", ""JACK"", ""KATE"", ""SAWYER"", ""GABRIELA"", ""SARAH""]"
2,11,3,"[""SAWYER"", ""JACK"", ""LOCKE"", ""SUN"", ""JIN"", ""HURLEY"", ""GABRIELA"", ""CHRISTIAN""]"
2,11,4,"[""JACK"", ""LOCKE"", ""SAWYER"", ""CHRISTIAN"", ""GABRIELA"", ""TOM""]"
2,11,5,"[""JACK"", ""SAWYER"", ""TOM"", ""HURLEY"", ""CHARLIE"", ""SAYID"", ""LOCKE"", ""KATE""]"
2,11,6,"[""SUN"", ""JIN"", ""KATE"", ""JACK"", ""SARAH"", ""LOCKE"", ""SAWYER"", ""CLAIRE"", ""ANA""]"
2,12,1,"[""YOUNG LIAM"", ""YOUNG CHARLIE"", ""MRS. PACE"", ""LIAM"", ""VOICE"", ""BUTCHER"", ""CHARLIE"", ""SUN""]"
2,12,2,"[""CLAIRE"", ""CHARLIE"", ""KAREN"", ""LIAM"", ""KATE"", ""HURLEY"", ""SAWYER"", ""MRS. PACE""]"
2,12,3,"[""HURLEY"", ""SAWYER"", ""LIBBY"", ""CHARLIE"", ""LOCKE"", ""LIAM"", ""DIRECTOR"", ""CREW"", ""EKO"", ""KATE"", ""CLAIRE""]"
2,12,4,"[""JACK"", ""ANA"", ""CHARLIE"", ""LIAM"", ""LOCKE""]"
2,12,5,"[""CLAIRE"", ""LOCKE"", ""SAYID"", ""CHARLIE"", ""LIAM"", ""EKO""]"
2,12,6,"[""JACK"", ""CHARLIE"", ""CLAIRE"", ""EKO""]"
2,13,1,"[""LOCKE"", ""JACK"", ""SAWYER"", ""CHARLIE""]"
2,13,2,"[""SAWYER"", ""CASSIDY"", ""KATE"", ""LOCKE"", ""HURLEY"", ""SAYID"", ""ANA"", ""JACK"", ""SUN"", ""JIN""]"
2,13,3,"[""LOCKE"", ""JACK"", ""ANA"", ""KATE"", ""SAWYER"", ""CASSIDY"", ""GUY"", ""GUY #2""]"
2,13,4,"[""ANA"", ""JACK"", ""CLAIRE"", ""SUN"", ""JIN"", ""KATE"", ""SAWYER"", ""CASSIDY"", ""LOCKE""]"
2,13,5,"[""DIANE"", ""SAWYER"", ""GORDY"", ""JACK"", ""JIN"", ""LOCKE""]"
2,13,6,"[""CASSIDY"", ""SAWYER"", ""KATE"", ""HURLEY"", ""SAYID"", ""RADIO ANNOUNCER"", ""CHARLIE""]"
2,14,1,"[""TARIQ"", ""U.S. SOLDIER #1"", ""SGT. BUCCELLI"", ""U.S. SOLDIER #2"", ""SAYID"", ""SGT. AUSTEN"", ""ANA"", ""DANIELLE""]"
2,14,2,"[""SAYID"", ""DANIELLE"", ""SGT. AUSTEN"", ""TARIQ"", ""SAWYER"", ""HURLEY"", ""VOICE""]"
2,14,3,"[""VOICE"", ""DANIELLE"", ""SAYID"", ""GALE"", ""INMAN"", ""LOCKE"", ""JACK"", ""HURLEY"", ""SAWYER""]"
2,14,4,"[""SAYID"", ""JACK"", ""LOCKE"", ""TARIQ"", ""GALE""]"
2,14,5,"[""SAWYER"", ""HURLEY"", ""LOCKE"", ""JACK"", ""SAYID"", ""GALE""]"
2,14,6,"[""JACK"", ""SAYID"", ""LOCKE"", ""SGT. AUSTEN"", ""INMAN"", ""CHARLIE""]"
2,15,1,"[""CLAIRE"", ""LOCKE"", ""JACK"", ""DANIELLE"", ""KATE""]"
2,15,2,"[""CLAIRE"", ""JACK"", ""KATE"", ""LIBBY"", ""HURLEY"", ""GALE"", ""LOCKE"", ""VOICE""]"
2,15,3,"[""LIBBY"", ""CLAIRE"", ""KATE"", ""EKO"", ""GALE"", ""LOCKE"", ""JACK"", ""SAWYER"", ""SUN"", ""ETHAN"", ""VOICE"", ""MR. FRIENDLY""]"
2,15,4,"[""CLAIRE"", ""KATE"", ""DANIELLE"", ""EKO"", ""JACK"", ""ETHAN""]"
2,15,5,"[""KATE"", ""CLAIRE"", ""DANIELLE"", ""YOUNG GIRL"", ""ETHAN""]"
2,15,6,"[""DANIELLE"", ""CLAIRE"", ""LOCKE"", ""JACK"", ""EKO"", ""GALE""]"
2,16,1,"[""JIN"", ""SUN""]"
2,16,2,"[""LOCKE"", ""ANA"", ""ROSE"", ""BERNARD"", ""SUN"", ""JAE"", ""JACK"", ""GALE"", ""SAWYER""]"
2,16,3,"[""JACK"", ""LOCKE"", ""ANA"", ""GALE"", ""HURLEY"", ""SUN"", ""DR. KIM"", ""JIN"", ""CHARLIE"", ""SAYID""]"
2,16,4,"[""ANA"", ""CHARLIE"", ""SAYID"", ""SUN"", ""KATE"", ""JACK"", ""JAE""]"
2,16,5,"[""ANA"", ""SAYID"", ""CHARLIE"", ""BERNARD"", ""JIN"", ""SAWYER"", ""SUN"", ""DR. KIM""]"
2,16,6,"[""JIN"", ""SUN"", ""JACK"", ""GALE"", ""LOCKE""]"
2,17,1,"[""HELEN"", ""LOCKE"", ""JACK"", ""GALE"", ""ANA"", ""SAYID"", ""CHARLIE""]"
2,17,2,"[""JACK"", ""HURLEY"", ""CLAIRE"", ""LIBBY"", ""LOUDSPEAKER VOICE"", ""GALE"", ""HELEN"", ""LOCKE"", ""FATHER CHUCK""]"
2,17,3,"[""HURLEY"", ""SAWYER"", ""KATE"", ""JACK"", ""GALE"", ""LOCKE"", ""NADIA"", ""COOPER""]"
2,17,4,"[""HURLEY"", ""KATE"", ""SAWYER"", ""JACK"", ""LOCKE"", ""GALE"", ""HELEN"", ""BANE""]"
2,17,5,"[""LIBBY"", ""HURLEY"", ""JACK"", ""SAWYER"", ""LOCKE"", ""GALE"", ""COOPER"", ""HELEN""]"
2,17,6,"[""KATE"", ""JACK"", ""CHARLIE"", ""GALE"", ""LOCKE"", ""SAYID"", ""ANA""]"
2,18,1,"[""LIBBY"", ""HURLEY"", ""JIN"", ""SUN"", ""Charlie"", ""CHARLIE"", ""SAWYER"", ""REDSHIRT #1"", ""REDSHIRT #2""]"
2,18,2,"[""LIBBY"", ""HURLEY"", ""DR. BROOKS"", ""DAVE"", ""JACK"", ""LOCKE"", ""KATE"", ""GALE"", ""SAYID"", ""ANA""]"
2,18,3,"[""CHARLIE"", ""EKO"", ""HURLEY"", ""LENNY"", ""DAVE"", ""NURSE"", ""DR. BROOKS"", ""SAWYER"", ""SUN"", ""JIN""]"
2,18,4,"[""KATE"", ""SAWYER"", ""LIBBY"", ""HURLEY"", ""DAVE"", ""DR. BROOKS""]"
2,18,5,"[""DAVE"", ""HURLEY""]"
2,18,6,"[""LOCKE"", ""ANA"", ""GALE"", ""HURLEY"", ""LIBBY"", ""DR. BROOKS"", ""NURSE""]"
2,19,1,"[""ROSE"", ""BERNARD"", ""JACK"", ""ANA"", ""GALE""]"
2,19,2,"[""BERNARD"", ""ROSE"", ""HURLEY"", ""ANA"", ""JACK"", ""SAWYER"", ""KATE"", ""CLAIRE""]"
2,19,3,"[""ROSE"", ""BERNARD"", ""EKO"", ""CHARLIE"", ""LOCKE"", ""ANA""]"
2,19,4,"[""BERNARD"", ""HURLEY"", ""JIN"", ""ROSE"", ""SAWYER"", ""KATE"", ""JACK""]"
2,19,5,"[""JACK"", ""KATE"", ""BERNARD"", ""JIN"", ""ROSE"", ""LOCKE"", ""AUSSIE WOMAN"", ""ISAAC""]"
2,19,6,"[""ROSE"", ""BERNARD"", ""LOCKE"", ""ANA"", ""KATE"", ""JACK""]"
2,20,1,"[""KATE"", ""JACK"", ""PARTNER"", ""CAPTAIN"", ""ANA"", ""GALE"", ""LOCKE""]"
2,20,2,"[""ANA"", ""CHRISTIAN"", ""LIBBY"", ""GALE"", ""LOCKE"", ""KATE"", ""JACK""]"
2,20,3,"[""SAWYER"", ""ANA"", ""CHRISTIAN"", ""LINDSEY"", ""HURLEY"", ""SAYID"", ""JACK"", ""LOCKE"", ""KATE""]"
2,20,4,"[""CHRISTIAN"", ""ANA"", ""SAWYER"", ""LIBBY"", ""HURLEY"", ""JACK"", ""LOCKE"", ""KATE"", ""MICHAEL""]"
2,20,5,"[""JACK"", ""LOCKE"", ""KATE"", ""ANA"", ""HURLEY"", ""LIBBY"", ""SAWYER"", ""GALE""]"
2,20,6,"[""JACK"", ""ANA"", ""CAPTAIN"", ""MICHAEL"", ""LIBBY""]"
2,21,1,"[""ANA"", ""EKO"", ""YEMI"", ""CHARLIE"", ""JACK"", ""KATE"", ""SAWYER"", ""MICHAEL""]"
2,21,2,"[""EKO"", ""JACK"", ""KATE"", ""MICHAEL"", ""SAWYER"", ""LOCKE"", ""CALDWELL"", ""MONSIGNOR"", ""JOYCE""]"
2,21,3,"[""LOCKE"", ""EKO"", ""MCVAY"", ""VALERIE"", ""JACK"", ""KATE"", ""MICHAEL"", ""SAWYER""]"
2,21,4,"[""KATE"", ""SAWYER"", ""HURLEY"", ""YEMI"", ""EKO"", ""LOCKE"", ""JOYCE"", ""MALKIN""]"
2,21,5,"[""EKO"", ""LOCKE"", ""HURLEY"", ""MICHAEL"", ""WICKMAN""]"
2,21,6,"[""LOCKE"", ""EKO"", ""AGENT"", ""CHARLOTTE"", ""LIBBY"", ""Announcer"", ""HURLEY"", ""JACK""]"
2,22,1,"[""MICHAEL"", ""LOCKE"", ""MONITOR"", ""JACK"", ""SAWYER"", ""HURLEY"", ""KATE""]"
2,22,2,"[""MICHAEL"", ""PICKETT"", ""TOM"", ""EKO"", ""JACK"", ""CHARLIE"", ""CLAIRE"", ""SUN"", ""JIN""]"
2,22,3,"[""TOM"", ""MICHAEL"", ""PICKETT"", ""LOCKE"", ""SAWYER"", ""JACK"", ""ALEX"", ""SAYID"", ""CHARLIE"", ""EKO""]"
2,22,4,"[""PICKETT"", ""MICHAEL"", ""TOM"", ""MS. KLUGH"", ""SAYID"", ""CHARLIE"", ""JACK"", ""EKO"", ""SAWYER""]"
2,22,5,"[""MICHAEL"", ""KATE"", ""HURLEY"", ""MS. KLUGH"", ""WALT""]"
2,22,6,"[""JACK"", ""SAYID"", ""HURLEY"", ""SUN""]"
2,23,1,"[""CHARLIE"", ""REDSHIRT"", ""SAYID"", ""KATE"", ""HURLEY"", ""SAWYER"", ""VOICE"", ""DESMOND""]"
2,23,2,"[""KATE"", ""JACK"", ""DESMOND"", ""MASTER SERGEANT"", ""WIDMORE"", ""SAYID"", ""EKO"", ""LOCKE"", ""HURLEY"", ""SAWYER"", ""MICHAEL""]"
2,23,3,"[""SAYID"", ""DESMOND"", ""LIBBY"", ""JIN"", ""SUN"", ""KATE"", ""SAWYER"", ""HURLEY"", ""JACK""]"
2,23,4,"[""CHARLIE"", ""LOCKE"", ""SAYID"", ""SUN"", ""DESMOND"", ""CLAIRE"", ""PENELOPE""]"
2,23,5,"[""SAWYER"", ""HURLEY"", ""JACK"", ""MICHAEL"", ""JIN"", ""SUN"", ""SAYID"", ""EKO"", ""LOCKE"", ""DESMOND"", ""INMAN""]"
2,23,6,"[""MARVIN CANDLE"", ""INMAN"", ""DESMOND"", ""EKO"", ""LOCKE"", ""CHARLIE"", ""SAWYER"", ""MICHAEL"", ""HURLEY"", ""KATE"", ""JACK""]"
2,23,1,"[""SAYID"", ""JIN"", ""EKO"", ""CHARLIE"", ""LOCKE"", ""DESMOND"", ""INMAN""]"
2,23,2,"[""DESMOND"", ""INMAN"", ""LOCKE"", ""KATE"", ""HURLEY"", ""SAWYER"", ""JACK"", ""MICHAEL""]"
2,23,3,"[""DESMOND"", ""LOCKE"", ""INMAN""]"
2,23,4,"[""SAWYER"", ""MR. FRIENDLY"", ""KATE"", ""MS. KLUGH"", ""GALE"", ""CHARLIE"", ""DESMOND"", ""LOCKE"", ""PENELOPE"", ""EKO""]"
2,23,5,"[""BERNARD"", ""CHARLIE"", ""GALE"", ""MICHAEL"", ""WALT"", ""MS. KLUGH"", ""HURLEY"", ""CLAIRE"", ""MAN #1"", ""MAN #2"", ""PENELOPE""]"
3,1,1,"[""JULIET"", ""AMELIA"", ""WORKER GUY"", ""ADAM"", ""GALE"", ""GOODWIN""]"
3,1,2,"[""JACK"", ""TOM"", ""KATE"", ""SAWYER"", ""KARL"", ""UNKNOWN VOICE"", ""JULIET""]"
3,1,3,"[""JACK"", ""SARAH"", ""JULIET"", ""KATE"", ""TOM"", ""GALE""]"
3,1,4,"[""JACK"", ""CHRISTIAN"", ""JULIET"", ""KARL"", ""SAWYER"", ""TOM""]"
3,1,5,"[""JULIET"", ""JACK"", ""NURSE"", ""CHRISTIAN"", ""MODERATOR"", ""GALE""]"
3,1,6,"[""SAWYER"", ""TOM"", ""KATE"", ""JACK"", ""JULIET"", ""GUARD"", ""SARAH"", ""GALE""]"
3,2,1,"[""MR. PAIK"", ""YOUNG SUN"", ""JIN"", ""SUN"", ""SAYID"", ""JULIET"", ""BEN"", ""COLLEEN""]"
3,2,2,"[""KATE"", ""SAWYER"", ""PICKETT"", ""COLLEEN"", ""JIN"", ""SUN"", ""JAE"", ""MR. PAIK""]"
3,2,3,"[""JIN"", ""MR. PAIK"", ""SUN"", ""SAYID"", ""PICKETT"", ""SAWYER"", ""ALEX"", ""KATE""]"
3,2,4,"[""SUN"", ""JIN"", ""SAYID"", ""SAWYER"", ""JULIET""]"
3,2,5,"[""JAE"", ""JIN"", ""SAYID"", ""SUN"", ""COLLEEN""]"
3,2,6,"[""MR. PAIK"", ""SUN"", ""JIN"", ""SAYID"", ""KATE"", ""SAWYER"", ""BEN"", ""JACK""]"
3,3,1,"[""CLAIRE"", ""CHARLIE""]"
3,3,2,"[""CHARLIE"", ""LOCKE"", ""EDDIE"", ""SHERIFF"", ""BOONE""]"
3,3,3,"[""CHARLIE"", ""LOCKE"", ""EDDIE"", ""MIKE"", ""JAN"", ""HURLEY""]"
3,3,4,"[""HURLEY"", ""LOCKE"", ""CHARLIE"", ""EDDIE""]"
3,3,5,"[""HURLEY"", ""DESMOND"", ""LOCKE"", ""KIM"", ""MIKE"", ""JAN"", ""EKO"", ""CHARLIE""]"
3,3,6,"[""HURLEY"", ""DESMOND"", ""LOCKE"", ""CHARLIE"", ""EDDIE"", ""EKO"", ""CLAIRE"", ""PAULO"", ""NIKKI""]"
3,4,1,"[""DESMOND"", ""CLAIRE"", ""CHARLIE"", ""JULIET"", ""JACK"", ""BEN"", ""PICKETT"", ""SAWYER"", ""VOICE"", ""TOM"", ""KATE""]"
3,4,2,"[""KATE"", ""SAWYER"", ""GUARD"", ""PRISON TOUGH"", ""MUNSON"", ""WARDEN HARRIS"", ""BEN"", ""TOM"", ""JASON"", ""MATTHEW""]"
3,4,3,"[""DESMOND"", ""PAULO"", ""SAWYER"", ""BEN"", ""KATE"", ""TOM""]"
3,4,4,"[""CASSIDY"", ""SAWYER"", ""KATE"", ""VOICE"", ""ANOTHER VOICE"", ""JACK"", ""JULIET"", ""BEN"", ""PICKETT"", ""TOM""]"
3,4,5,"[""MUNSON"", ""SAWYER"", ""KATE"", ""TOM"", ""BEN"", ""JULIET"", ""JACK""]"
3,4,6,"[""HURLEY"", ""DESMOND"", ""BEN"", ""WARDEN HARRIS"", ""SAWYER"", ""AGENT FREEDMAN""]"
3,5,1,"[""EKO"", ""NUN"", ""SAYID"", ""HURLEY"", ""CHARLIE"", ""YEMI"", ""SOLDIER"", ""LOCKE""]"
3,5,2,"[""BEN"", ""JACK"", ""JULIET"", ""LOCKE"", ""SAYID"", ""DESMOND"", ""HURLEY"", ""CHARLIE"", ""SOLDIER"", ""AMINA"", ""EKO"", ""MAN"", ""DANIEL""]"
3,5,3,"[""LOCKE"", ""HURLEY"", ""NIKKI"", ""PAULO"", ""DESMOND"", ""DANIEL"", ""EKO"", ""EMEKA"", ""AMINA""]"
3,5,4,"[""JULIET"", ""JACK"", ""BEN"", ""LOCKE"", ""EKO"", ""AMINA"", ""WARLORD"", ""SAYID"", ""PAULO"", ""NIKKI""]"
3,5,5,"[""LOCKE"", ""EKO"", ""EMEKA"", ""Narration"", ""SAYID"", ""NIKKI"", ""PAULO"", ""JACK"", ""JULIET""]"
3,5,6,"[""DANIEL"", ""EKO"", ""AMINA"", ""YEMI"", ""LOCKE"", ""SAYID""]"
3,6,1,"[""MAN"", ""KATE"", ""KEVIN"", ""SAWYER"", ""JACK"", ""JULIET"", ""BEN""]"
3,6,2,"[""KATE"", ""KEVIN"", ""PICKETT"", ""SAWYER"", ""NIKKI"", ""LOCKE"", ""DESMOND"", ""SAYID"", ""ALEX""]"
3,6,3,"[""PICKETT"", ""JULIET"", ""KATE"", ""SUZANNE"", ""PRIEST"", ""JACK"", ""BEN""]"
3,6,4,"[""KATE"", ""KEVIN"", ""MARSHAL"", ""JULIET"", ""PICKETT"", ""SAWYER"", ""LOCKE""]"
3,6,5,"[""KEVIN"", ""KATE"", ""SAWYER"", ""JACK"", ""FEMALE VOICE"", ""BEN""]"
3,6,6,"[""KATE"", ""KEVIN"", ""JACK"", ""JULIET"", ""BEN"", ""PICKETT"", ""JASON"", ""IVAN"", ""TOM"", ""SAWYER""]"
3,7,1,"[""ETHAN"", ""RACHEL"", ""JULIET"", ""JACK"", ""KATE"", ""TOM""]"
3,7,2,"[""JULIET"", ""DIANA"", ""EDMUND"", ""WOMAN"", ""JACK"", ""TOM"", ""PICKETT"", ""IVAN"", ""KATE"", ""SAWYER"", ""ALEX"", ""BEN""]"
3,7,3,"[""SHERRY"", ""JULIET"", ""EDMUND"", ""TOM"", ""SAWYER"", ""ALEX"", ""KATE"", ""JACK"", ""BEN""]"
3,7,4,"[""ALPERT"", ""JULIET"", ""ALEX"", ""SAWYER"", ""KATE"", ""ALDO"", ""PICKETT""]"
3,7,5,"[""PICKETT"", ""ALDO"", ""JULIET"", ""RACHEL"", ""EDMUND"", ""JACK"", ""TOM"", ""SAWYER"", ""KATE"", ""ALEX"", ""KARL""]"
3,7,6,"[""TOM"", ""JACK"", ""JULIET"", ""SAWYER"", ""ALEX"", ""KARL"", ""KATE"", ""MORGUE EMPLOYEE"", ""ETHAN"", ""ALPERT""]"
3,8,1,"[""HURLEY"", ""CHARLIE"", ""DESMOND"", ""LOCKE"", ""SAYID"", ""SUN""]"
3,8,2,"[""CLAIRE"", ""DESMOND"", ""CHARLIE"", ""HURLEY"", ""DESMOND AND CHARLIE"", ""LOCKE"", ""PENELOPE""]"
3,8,3,"[""PENELOPE"", ""DESMOND"", ""RECEPTIONIST"", ""DELIVERY MAN"", ""WIDMORE"", ""CHARLIE""]"
3,8,4,"[""DONOVAN"", ""DESMOND"", ""PENELOPE"", ""MS. HAWKING""]"
3,8,5,"[""MS. HAWKING"", ""DESMOND"", ""PENELOPE"", ""PHOTOGRAPHER""]"
3,8,6,"[""BARTENDER"", ""DESMOND"", ""JIMMY"", ""CHARLIE""]"
3,9,1,"[""SAWYER"", ""KATE"", ""KARL"", ""TOM"", ""JACK"", ""JULIET""]"
3,9,2,"[""THAI BOY"", ""JACK"", ""ACHARA"", ""TOM"", ""SAWYER"", ""KATE"", ""KARL"", ""JULIET""]"
3,9,3,"[""CHET"", ""ACHARA"", ""JACK"", ""THAI MAN"", ""ISABEL"", ""TOM""]"
3,9,4,"[""JACK"", ""ACHARA"", ""CINDY"", ""KATE"", ""SAWYER"", ""KARL"", ""ALEX""]"
3,9,5,"[""JACK"", ""BEN"", ""ALEX"", ""ACHARA"", ""TOM"", ""ISABEL""]"
3,9,6,"[""JACK"", ""CHET"", ""JULIET"", ""KATE"", ""SAWYER"", ""ISABEL""]"
3,10,1,"[""DAVID"", ""YOUNG HURLEY"", ""HURLEY"", ""CHARLIE""]"
3,10,2,"[""TRICIA"", ""HURLEY"", ""RANDY"", ""PAULO"", ""NIKKI"", ""SUN"", ""JIN"", ""CLAIRE"", ""CHARLIE"", ""SAWYER"", ""KATE""]"
3,10,3,"[""CARMEN"", ""HURLEY"", ""DAVID"", ""JIN"", ""CHARLIE"", ""DESMOND"", ""SAWYER"", ""SAYID"", ""KATE"", ""LOCKE""]"
3,10,4,"[""DAVID"", ""CARMEN"", ""HURLEY"", ""SAWYER"", ""JIN""]"
3,10,5,"[""DAVID"", ""HURLEY"", ""LYNN"", ""SAWYER"", ""JIN"", ""CHARLIE""]"
3,10,6,"[""DAVID"", ""HURLEY"", ""SAWYER"", ""JIN"", ""CHARLIE"", ""SAYID"", ""KATE"", ""LOCKE"", ""DANIELLE""]"
3,11,1,"[""SAWYER"", ""HURLEY"", ""BACKGROUND VOICE"", ""PAULO"", ""SAYID"", ""LOCKE""]"
3,11,2,"[""SAWYER"", ""HURLEY"", ""NIKKI"", ""JIN"", ""SUN"", ""CHARLIE"", ""LOCKE"", ""SAYID"", ""ROUSSEAU"", ""KATE"", ""ARABIC MAN"", ""SAMI"", ""MIKHAIL""]"
3,11,3,"[""KATE"", ""MIKHAIL"", ""SAYID"", ""COMPUTER VOICE"", ""MAN"", ""SAMI"", ""AMIRA"", ""LOCKE""]"
3,11,4,"[""SAWYER"", ""HURLEY"", ""CHARLIE"", ""MIKHAIL"", ""SAYID"", ""KATE"", ""SAMI"", ""LOCKE""]"
3,11,5,"[""SAMI"", ""SAYID"", ""AMIRA"", ""COMPUTER VOICE"", ""KATE"", ""DR. CANDLE"", ""MIKHAIL"", ""LOCKE"", ""MS. KLUGH""]"
3,11,6,"[""HURLEY"", ""SAWYER"", ""KATE"", ""LOCKE"", ""DR. CANDLE"", ""SAYID"", ""MIKHAIL"", ""ROUSSEAU"", ""AMIRA""]"
3,12,1,"[""CLAIRE"", ""CHARLIE"", ""SAYID"", ""LOCKE"", ""KATE"", ""MIKHAIL"", ""ROUSSEAU"", ""DESMOND""]"
3,12,2,"[""CLAIRE"", ""SUN"", ""JIN"", ""SAWYER"", ""CHARLIE"", ""E.R. DOCTOR"", ""OFFICER BARNES"", ""BARNES"", ""KATE"", ""ROUSSEAU"", ""MIKHAIL"", ""SAYID"", ""LOCKE""]"
3,12,3,"[""CLAIRE"", ""JIN"", ""SUN"", ""LINDSEY"", ""DR. WOODRUFF"", ""WOODRUFF"", ""DESMOND"", ""KATE"", ""SAYID"", ""MIKHAIL"", ""LOCKE""]"
3,12,4,"[""SAYID"", ""KATE"", ""LOCKE"", ""CHARLIE"", ""CLAIRE"", ""HEAD NURSE"", ""LOUDSPEAKER"", ""CHRISTIAN"", ""LINDSEY""]"
3,12,5,"[""SAYID"", ""ROUSSEAU"", ""LOCKE"", ""KATE"", ""SUN"", ""CLAIRE"", ""CHRISTIAN"", ""DESMOND""]"
3,12,6,"[""CLAIRE"", ""CHARLIE"", ""KATE"", ""SAYID"", ""TOM""]"
3,13,1,"[""GOVERNMENT WORKER"", ""LOCKE"", ""TOM"", ""KATE"", ""JULIET"", ""JACK"", ""SAYID"", ""BEN""]"
3,13,2,"[""SAYID"", ""KATE"", ""LOCKE"", ""AUTUMN"", ""CRYSTAL"", ""PETER"", ""JACK"", ""OTHER"", ""PRYCE"", ""BEN""]"
3,13,3,"[""LOCKE"", ""BEN"", ""ALEX"", ""TOM"", ""ALPERT"", ""MRS. TALBOT"", ""COOPER"", ""JACK"", ""KATE"", ""JULIET""]"
3,13,4,"[""DETECTIVE MASON"", ""LOCKE"", ""BEN"", ""PRYCE"", ""ALEX"", ""SAYID""]"
3,13,5,"[""BEN"", ""LOCKE"", ""ALEX"", ""JACK"", ""JULIET"", ""PRYCE"", ""COOPER""]"
3,13,6,"[""DETECTIVE MASON"", ""KINCAID"", ""LOCKE"", ""BEN"", ""ALPERT""]"
3,14,1,"[""ANNOUNCER"", ""NIKKI"", ""BILLY DEE"", ""ZUKERMAN"", ""SAWYER"", ""HURLEY""]"
3,14,2,"[""NIKKI"", ""ZUKERMAN"", ""PAULO"", ""CHARLIE"", ""HURLEY"", ""SUN"", ""SAWYER"", ""SHANNON"", ""BOONE"", ""AIRPORT PA"", ""LOCKE"", ""ARZT"", ""JIN""]"
3,14,3,"[""HURLEY"", ""JIN"", ""SAWYER"", ""NIKKI"", ""PAULO"", ""ETHAN"", ""ARZT"", ""KATE"", ""BOONE"", ""JACK"", ""CHARLIE""]"
3,14,4,"[""SHANNON"", ""KATE"", ""ARZT"", ""NIKKI"", ""PAULO"", ""HURLEY"", ""SAWYER"", ""CHARLIE"", ""SUN"", ""LOCKE"", ""BEN"", ""JULIET"", ""DESMOND""]"
3,14,5,"[""HURLEY"", ""CHARLIE"", ""SUN"", ""LOCKE"", ""NIKKI"", ""PAULO"", ""SAWYER""]"
3,14,6,"[""NIKKI"", ""PAULO"", ""SAWYER"", ""SUN"", ""HURLEY""]"
3,15,1,"[""KATE"", ""JULIET"", ""TRUCK DRIVER"", ""CASSIDY"", ""MAN"", ""JOHNNY"", ""LOCKE""]"
3,15,2,"[""SAWYER"", ""HURLEY"", ""CASSIDY"", ""KATE""]"
3,15,3,"[""SAWYER"", ""HURLEY"", ""JULIET"", ""KATE"", ""FEDERAL AGENT"", ""EDWARD MARS"", ""MARS"", ""CASSIDY""]"
3,15,4,"[""KATE"", ""JULIET"", ""SAWYER"", ""HURLEY"", ""CLAIRE""]"
3,15,5,"[""SAWYER"", ""DESMOND"", ""KATE"", ""JULIET"", ""CASSIDY"", ""DIANE""]"
3,15,6,"[""SAWYER"", ""CHARLIE"", ""HURLEY"", ""JULIET"", ""KATE"", ""JACK"", ""CASSIDY"", ""SAYID""]"
3,16,1,"[""SAYID"", ""JACK"", ""KATE"", ""JULIET"", ""GUARD"", ""RACHEL"", ""ETHAN"", ""RICHARD""]"
3,16,2,"[""CHARLIE"", ""CLAIRE"", ""JULIET"", ""JACK"", ""RICHARD"", ""ETHAN"", ""BEN"", ""HURLEY"", ""SAWYER"", ""DESMOND"", ""SUN""]"
3,16,3,"[""HURLEY"", ""JULIET"", ""ETHAN"", ""GOODWIN"", ""BEN"", ""SUN"", ""JACK"", ""CHARLIE"", ""SAWYER"", ""SAYID"", ""DESMOND"", ""KATE"", ""JIN""]"
3,16,4,"[""SAWYER"", ""JULIET"", ""JACK"", ""KATE"", ""HURLEY"", ""ETHAN"", ""GOODWIN"", ""UNNAMED OTHER"", ""BEN""]"
3,16,5,"[""SAYID"", ""JULIET"", ""SAWYER"", ""BEN"", ""MIKHAIL"", ""CHARLIE"", ""JACK""]"
3,16,6,"[""CLAIRE"", ""JACK"", ""JULIET"", ""BEN""]"
3,17,1,"[""CHARLIE"", ""HURLEY"", ""JIN"", ""DESMOND""]"
3,17,2,"[""MONK"", ""DESMOND"", ""JACK"", ""HURLEY"", ""SAWYER"", ""KATE"", ""JIN"", ""CHARLIE""]"
3,17,3,"[""HURLEY"", ""DESMOND"", ""JIN"", ""CHARLIE"", ""MONK"", ""MONK 2"", ""MAN"", ""KATE"", ""JACK"", ""SAWYER""]"
3,17,4,"[""JIN"", ""HURLEY"", ""CHARLIE"", ""DESMOND"", ""MAN"", ""WOMAN"", ""RUTH"", ""JACK"", ""JULIET"", ""SAWYER""]"
3,17,5,"[""KATE"", ""SAWYER"", ""CHARLIE"", ""DESMOND"", ""HURLEY"", ""MONK"", ""JIN""]"
3,17,6,"[""JIN"", ""DESMOND"", ""HURLEY"", ""CHARLIE"", ""MONK"", ""PENNY"", ""WOMAN""]"
3,18,1,"[""SUN"", ""JACK"", ""JIN"", ""Jin"", ""WOMAN"", ""DESMOND"", ""HURLEY"", ""CHARLIE"", ""PARACHUTIST""]"
3,18,2,"[""JIN"", ""SUN"", ""KATE"", ""JULIET"", ""PARACHUTIST"", ""HURLEY"", ""CHARLIE"", ""DESMOND""]"
3,18,3,"[""DESMOND"", ""CHARLIE"", ""HURLEY"", ""MIKHAIL"", ""PARACHUTIST"", ""SUN"", ""MR. KWON"", ""JULIET""]"
3,18,4,"[""SUN"", ""JULIET"", ""BUSINESSMAN"", ""MR. PAIK"", ""SECRETARY"", ""BUSINESSMAN 1"", ""BUSINESSMAN 2"", ""MIKHAIL"", ""HURLEY"", ""DESMOND"", ""PARACHUTIST""]"
3,18,5,"[""MIKHAIL"", ""CHARLIE"", ""DESMOND"", ""JIN"", ""SUN"", ""JULIET""]"
3,18,6,"[""WOMAN"", ""SUN"", ""JULIET"", ""CHARLIE"", ""DESMOND"", ""JIN"", ""HURLEY"", ""PARACHUTIST""]"
3,19,1,"[""LOCKE"", ""BEN"", ""COOPER"", ""SAWYER"", ""KATE"", ""HURLEY""]"
3,19,2,"[""LOCKE"", ""SAWYER"", ""CINDY"", ""TOM"", ""JULIET"", ""BEN"", ""JACK"", ""CHARLIE"", ""HURLEY"", ""DESMOND""]"
3,19,3,"[""HURLEY"", ""SAYID"", ""CHARLIE"", ""NAOMI"", ""DESMOND"", ""SAWYER"", ""LOCKE"", ""BEN"", ""COOPER""]"
3,19,4,"[""HURLEY"", ""SAYID"", ""KATE"", ""SAWYER"", ""LOCKE"", ""ROUSSEAU"", ""RICHARD"", ""COOPER""]"
3,19,5,"[""LOCKE"", ""BEN"", ""COOPER"", ""SAWYER""]"
3,19,6,"[""JACK"", ""JULIET"", ""KATE"", ""LOCKE"", ""SAWYER""]"
3,20,1,"[""MAN"", ""WOMAN"", ""EMILY"", ""ROGER"", ""MALE DRIVER"", ""RICHARD"", ""BEN"", ""LOCKE""]"
3,20,2,"[""BEN"", ""LOCKE"", ""WOMAN"", ""ROGER"", ""MALE DRIVER"", ""MR. GOODSPEED"", ""HORACE"", ""MARVIN"", ""MAN"", ""GIRL"", ""ANNIE"", ""OPAL"", ""CHARLIE"", ""CLAIRE"", ""HURLEY"", ""DESMOND"", ""SAWYER"", ""SAYID"", ""MIKHAIL""]"
3,20,3,"[""BEN"", ""LOCKE"", ""ALEX"", ""OLIVIA"", ""ANNIE"", ""HORACE"", ""ROGER"", ""SAYID"", ""SAWYER"", ""KATE""]"
3,20,4,"[""ANNIE"", ""BEN"", ""ROGER"", ""EMILY"", ""CLAIRE"", ""SAYID"", ""SUN"", ""NAOMI"", ""KATE"", ""SAWYER"", ""JULIET"", ""JIN"", ""JACK""]"
3,20,5,"[""BEN"", ""RICHARD"", ""LOCKE"", ""VOICE""]"
3,20,6,"[""BEN"", ""LOCKE"", ""ROGER"", ""RICHARD""]"
3,21,1,"[""CHARLIE"", ""HURLEY"", ""CLAIRE"", ""DESMOND"", ""JACK"", ""KATE"", ""JULIET"", ""SAYID""]"
3,21,2,"[""CHARLIE"", ""LIAM"", ""DRIVER"", ""NAOMI"", ""ROUSSEAU"", ""JACK"", ""SAYID"", ""JULIET"", ""CLAIRE"", ""DESMOND""]"
3,21,3,"[""MR. PACE"", ""CHARLIE"", ""LIAM"", ""DESMOND"", ""SAYID"", ""JULIET"", ""JACK"", ""BERNARD"", ""ROSE"", ""JIN"", ""SUN"", ""HURLEY"", ""SAWYER"", ""KARL""]"
3,21,4,"[""ALEX"", ""BEN"", ""RICHARD"", ""RYAN"", ""KARL"", ""JACK"", ""JULIET"", ""HURLEY"", ""SUN"", ""BERNARD"", ""ROUSSEAU"", ""SAYID"", ""CLAIRE"", ""CHARLIE"", ""DESMOND"", ""LIAM""]"
3,21,5,"[""CHARLIE"", ""WOMAN"", ""NADIA"", ""DESMOND"", ""BERNARD"", ""SAYID"", ""ROSE"", ""JACK"", ""HURLEY""]"
3,21,6,"[""JACK"", ""KATE"", ""JULIET"", ""HURLEY"", ""CLAIRE"", ""DESMOND"", ""CHARLIE""]"
3,22,1,"[""STEWARDESS"", ""WOMAN"", ""JACK"", ""CAPTAIN"", ""VOICEMAIL"", ""KID"", ""MOTHER"", ""SAYID"", ""ROSE"", ""BERNARD"", ""HURLEY"", ""CLAIRE"", ""JIN"", ""SUN""]"
3,22,2,"[""NAOMI"", ""JACK"", ""JULIET"", ""BONNIE"", ""GRETA"", ""CHARLIE"", ""DESMOND"", ""BEN"", ""MIKHAIL"", ""RYAN"", ""TOM"", ""FEMALE OTHER"", ""BERNARD"", ""MALE OTHER"", ""ROSE"", ""KATE""]"
3,22,3,"[""TANNOY"", ""DOCTOR"", ""JACK"", ""SARAH"", ""SUN"", ""ROSE"", ""BONNIE"", ""CHARLIE"", ""GRETA"", ""BEN"", ""TOM"", ""RYAN"", ""JIN"", ""BERNARD"", ""SAYID""]"
3,22,4,"[""RICHARD"", ""BEN"", ""ALEX"", ""KATE"", ""SAWYER"", ""JACK"", ""CHARLIE"", ""DESMOND"", ""BONNIE""]"
3,22,5,"[""MALE DOCTOR"", ""JACK"", ""DR. HAMILL"", ""REPORTER"", ""SAWYER"", ""KATE"", ""JULIET"", ""CHARLIE"", ""BONNIE"", ""GRETA"", ""MIKHAIL"", ""BEN""]"
3,22,6,"[""SAWYER"", ""JULIET"", ""HURLEY"", ""BEN"", ""ALEX"", ""VOICE"", ""WALT"", ""LOCKE""]"
3,22,1,"[""JACK"", ""KATE"", ""VOICEMAIL"", ""DIRECTOR"", ""ROUSSEAU"", ""BEN""]"
3,22,2,"[""GRETA"", ""BONNIE"", ""MIKHAIL"", ""DESMOND"", ""CHARLIE"", ""BEN"", ""JACK"", ""KATE"", ""PHARMACIST"", ""MAN"", ""TOM"", ""SAYID"", ""BERNARD"", ""RYAN"", ""JIN""]"
3,22,3,"[""CHARLIE"", ""BONNIE"", ""DESMOND"", ""JACK"", ""ALEX"", ""BEN"", ""ROUSSEAU"", ""KATE"", ""RYAN"", ""TOM"", ""SAWYER"", ""JULIET"", ""MALE OTHER"", ""HURLEY""]"
3,22,4,"[""DR. HAMILL"", ""JACK"", ""HURLEY"", ""CLAIRE"", ""CHARLIE"", ""DESMOND"", ""PENNY"", ""NAOMI""]"
3,22,5,"[""NAOMI"", ""JACK"", ""VOICE"", ""FEMALE VOICE"", ""ROUSSEAU"", ""KATE"", ""BEN"", ""LOCKE"", ""MAN"", ""MINKOWSKI""]"
4,1,1,"[""NEWSREADER"", ""JEFF"", ""JACK"", ""POLICEMAN"", ""POLICEWOMAN"", ""POLICEMAN 2"", ""HURLEY""]"
4,1,2,"[""DETECTIVE"", ""HURLEY"", ""JACK"", ""KATE"", ""SUN"", ""CLAIRE"", ""ROSE"", ""BEN"", ""ROUSSEAU"", ""BERNARD"", ""SAYID"", ""DESMOND"", ""SAWYER"", ""JULIET"", ""MINKOWSKI""]"
4,1,3,"[""SAWYER"", ""SAYID"", ""JULIET"", ""HURLEY"", ""ROUSSEAU"", ""JACK"", ""CLAIRE"", ""KATE"", ""NURSE"", ""VISITOR"", ""MATTHEW"", ""NURSES""]"
4,1,4,"[""ROUSSEAU"", ""JACK"", ""BEN"", ""KATE"", ""MINKOWSKI"", ""NAOMI"", ""HURLEY"", ""LOCKE""]"
4,1,5,"[""LOCKE"", ""HURLEY"", ""SAWYER"", ""SAYID"", ""SUN"", ""BERNARD"", ""ROSE"", ""CLAIRE"", ""PATIENT"", ""CHARLIE"", ""JULIET""]"
4,1,6,"[""SAWYER"", ""JACK"", ""SAYID"", ""LOCKE"", ""BEN"", ""KATE"", ""HURLEY"", ""BERNARD"", ""ROSE"", ""PARACHUTIST""]"
4,2,1,"[""MAN 1"", ""RON"", ""NEWSCASTER"", ""WOMAN 1"", ""DANIEL"", ""WOMAN 2"", ""MAN 2"", ""PILOT"", ""JACK""]"
4,2,2,"[""JACK"", ""DANIEL"", ""KATE"", ""MINKOWSKI"", ""HURLEY"", ""LOCKE"", ""SAWYER"", ""JULIET"", ""SAYID"", ""MILES""]"
4,2,3,"[""CAR RADIO"", ""MILES"", ""GARDNER"", ""DANIEL"", ""JACK"", ""KATE"", ""BEN"", ""ALEX"", ""KARL"", ""SAWYER"", ""LOCKE""]"
4,2,4,"[""WOMAN"", ""CHARLOTTE"", ""LOCKE"", ""JULIET"", ""JACK"", ""KATE"", ""SAYID"", ""DANIEL"", ""MILES"", ""HURLEY"", ""CLAIRE""]"
4,2,5,"[""TV REPORTER"", ""FEMALE OPERATOR"", ""FRANK"", ""MALE VOICE"", ""CHARLOTTE"", ""HURLEY"", ""CLAIRE"", ""LOCKE"", ""SAWYER"", ""DANIEL"", ""JACK"", ""MILES""]"
4,2,6,"[""NAOMI"", ""MATTHEW"", ""JACK"", ""SAYID"", ""MILES"", ""WOMAN"", ""REGINA"", ""DANIEL"", ""FRANK"", ""KATE"", ""JULIET"", ""BEN"", ""SAWYER"", ""LOCKE"", ""CHARLOTTE"", ""ALEX"", ""DANIELLE"", ""KARL"", ""CLAIRE""]"
4,3,1,"[""JACK"", ""JULIET"", ""MILES"", ""KATE"", ""SAYID"", ""FRANK"", ""MAN 1"", ""MAN""]"
4,3,2,"[""SAYID"", ""WOMAN"", ""WAITER"", ""ELSA"", ""MAN 2"", ""JACK"", ""JULIET"", ""MILES"", ""SAWYER"", ""LOCKE"", ""CLAIRE"", ""HURLEY"", ""BEN"", ""DANIELLE"", ""CHARLOTTE"", ""KATE"", ""FRANK""]"
4,3,3,"[""SAYID"", ""MILES"", ""KATE"", ""ELSA"", ""JACK"", ""FRANK"", ""DANIEL"", ""REGINA"", ""HURLEY""]"
4,3,4,"[""HURLEY"", ""SAYID"", ""MILES"", ""KATE"", ""JACK"", ""FRANK"", ""DANIEL"", ""DESMOND"", ""LOCKE""]"
4,3,5,"[""DANIELLE"", ""SAYID"", ""HURLEY"", ""BEN"", ""KATE"", ""SAWYER"", ""LOCKE"", ""ELSA""]"
4,3,6,"[""DESMOND"", ""FRANK"", ""JULIET"", ""JACK"", ""SAYID"", ""CHARLOTTE"", ""DANIEL"", ""MAN 2"", ""BEN""]"
4,4,1,"[""LOCKE"", ""BEN"", ""KATE"", ""CLAIRE"", ""SAWYER"", ""DUNCAN"", ""BEARDED MAN IN CROWD"", ""BAILIFF"", ""JUDGE GALZETHRON"", ""JUDGE"", ""MELISSA""]"
4,4,2,"[""JIN"", ""SUN"", ""JACK"", ""LOCKE"", ""KATE"", ""HURLEY"", ""MILES"", ""DUNCAN""]"
4,4,3,"[""JULIET"", ""SUN"", ""JACK"", ""KATE"", ""CLAIRE"", ""BAILIFF"", ""DUNCAN"", ""JUDGE"", ""MELISSA"", ""HURLEY"", ""SAWYER"", ""TV""]"
4,4,4,"[""SAWYER"", ""LOCKE"", ""KATE"", ""MILES"", ""BEN""]"
4,4,5,"[""CLAIRE"", ""KATE"", ""LOCKE"", ""DUNCAN"", ""DIANE"", ""SAWYER"", ""CHARLOTTE"", ""DANIEL"", ""JACK"", ""JULIET"", ""REGINA""]"
4,4,6,"[""LOCKE"", ""MILES"", ""KATE"", ""SAWYER"", ""JUDGE"", ""MELISSA"", ""BAILIFF"", ""DUNCAN"", ""JACK"", ""NANNY"", ""AARON""]"
4,5,1,"[""SAYID"", ""FRANK"", ""DESMOND"", ""SERGEANT"", ""SGT"", ""SOLDIER 1"", ""REST"", ""SOLDIER 2""]"
4,5,2,"[""JACK"", ""CHARLOTTE"", ""JULIET"", ""DANIEL"", ""SAYID"", ""DESMOND"", ""FRANK"", ""KEAMY"", ""OMAR"", ""SOLDIER 1"", ""SGT"", ""BILLY"", ""SOLDIER 3"", ""MAN""]"
4,5,3,"[""SAYID"", ""FRANK"", ""JACK"", ""DAN"", ""JULIET"", ""DESMOND"", ""MAN"", ""RAY"", ""PENNY""]"
4,5,4,"[""DAN"", ""CHARLOTTE"", ""JACK"", ""SAYID"", ""DESMOND"", ""OMAR"", ""KEAMY"", ""FRANK"", ""RAY"", ""MAN"", ""MINKOWSKI""]"
4,5,5,"[""DESMOND"", ""DAN"", ""OPERATOR"", ""SAYID"", ""MINKOWSKI"", ""AUCTIONEER"", ""SUITED GUARD"", ""WIDMORE""]"
4,5,6,"[""PENNY"", ""DESMOND"", ""SAYID"", ""BOTH""]"
4,6,1,"[""HARPER"", ""JULIET"", ""TOM"", ""BEN"", ""SUN"", ""JACK"", ""JIN""]"
4,6,2,"[""JULIET"", ""HARPER"", ""JACK"", ""GOODWIN"", ""DAN"", ""CHARLOTTE""]"
4,6,3,"[""DAN"", ""KATE"", ""CHARLOTTE"", ""JACK"", ""JULIET"", ""BEN"", ""GOODWIN"", ""HARPER"", ""CLAIRE"", ""LOCKE""]"
4,6,4,"[""GOODWIN"", ""JULIET"", ""BEN"", ""JACK"", ""KATE"", ""LOCKE""]"
4,6,5,"[""KATE"", ""JACK"", ""BEN"", ""JULIET"", ""WOMAN'S AUTOMATED VOICE"", ""DAN""]"
4,6,6,"[""WOMAN'S AUTOMATED VOICE"", ""JULIET"", ""DAN"", ""CHARLOTTE"", ""BEN"", ""KATE"", ""JACK"", ""SAWYER"", ""HURLEY""]"
4,7,1,"[""KEAMY"", ""LAPIDUS"", ""REGINA"", ""DESMOND"", ""SAYID"", ""JIN"", ""SUN"", ""WOMAN ON THE PHONE""]"
4,7,2,"[""STORE OWNER"", ""JIN"", ""SUN"", ""KATE"", ""SAYID"", ""DESMOND"", ""DANIEL"", ""JACK""]"
4,7,3,"[""JULIET"", ""SUN"", ""NURSE 1"", ""NURSE 2"", ""DR. BAE"", ""JIN"", ""STORE OWNER"", ""KATE""]"
4,7,4,"[""SUN"", ""BERNARD"", ""JIN"", ""DESMOND"", ""SAYID"", ""RAY"", ""DESMOND and SAYID"", ""GAULT""]"
4,7,5,"[""GAULT"", ""SAYID"", ""DESMOND"", ""JULIET"", ""SUN"", ""DR. BAE"", ""NURSE 1"", ""RAY"", ""JOHNSON""]"
4,7,6,"[""JIN"", ""SUN"", ""MAN IN SUIT"", ""AMBASSADOR"", ""NURSE"", ""HURLEY""]"
4,8,1,"[""LOCKE"", ""MILES"", ""HURLEY"", ""SAWYER"", ""BEN"", ""CLAIRE"", ""GAULT"", ""MICHAEL"", ""SAYID""]"
4,8,2,"[""SAWYER"", ""JOHN"", ""MILES"", ""CLAIRE"", ""KARL"", ""ALEX"", ""BEN"", ""ROUSSEAU"", ""SAYID"", ""CREW-MEMBER"", ""MICHAEL"", ""JEFF"", ""DESMOND""]"
4,8,3,"[""LIBBY"", ""MICHAEL"", ""NURSE"", ""MICHAEL'S MOTHER"", ""GUS"", ""MAN"", ""TOM""]"
4,8,4,"[""TOM"", ""MICHAEL"", ""MALE ANNOUNCER"", ""GAME SHOW HOST"", ""FEMALE CONTESTANT"", ""MAN"", ""FEMALE ANCHOR"", ""ARTURO""]"
4,8,5,"[""MINKOWSKI"", ""MICHAEL"", ""NAOMI"", ""MILES"", ""TOM"", ""FRANK"", ""KEAMY"", ""CREWMAN"", ""CASS ELLIOT"", ""LIBBY""]"
4,8,6,"[""MINKOWSKI"", ""MICHAEL"", ""BEN"", ""SAYID"", ""DESMOND"", ""GAULT"", ""ROUSSEAU"", ""ALEX"", ""KARL""]"
4,9,1,"[""KATE"", ""JACK"", ""BERNARD"", ""DANIEL"", ""HURLEY"", ""SAWYER"", ""LOCKE"", ""KEAMY"", ""ALEX"", ""AUTOMATED FEMALE VOICE"", ""BEN""]"
4,9,2,"[""SUBTITLE"", ""BEN"", ""RED"", ""GRAY"", ""SAWYER"", ""LOCKE"", ""JACK"", ""DANIEL"", ""CHARLOTTE"", ""JULIET"", ""BERNARD"", ""KATE"", ""HURLEY"", ""DOUG""]"
4,9,3,"[""NARJISS"", ""BEN"", ""SAYID"", ""LOCKE"", ""HURLEY"", ""SAWYER"", ""CLAIRE"", ""MILES""]"
4,9,4,"[""SUBTITLE"", ""SAYID"", ""BEN"", ""LOCKE"", ""MILES"", ""SAWYER"", ""KEAMY"", ""ALEX""]"
4,9,5,"[""SAWYER"", ""LOCKE"", ""BEN"", ""BAKIR"", ""SAYID"", ""CLAIRE"", ""MILES"", ""HURLEY"", ""DISTANT VOICE""]"
4,9,6,"[""DANIEL"", ""JACK"", ""BERNARD"", ""KATE"", ""SAWYER"", ""MILES"", ""LOCKE"", ""BEN"", ""CLAIRE"", ""HURLEY"", ""SUBTITLE"", ""DOORMAN"", ""WIDMORE""]"
4,10,1,"[""JULIET"", ""BERNARD"", ""JACK"", ""ROSE"", ""DANIEL"", ""CHARLOTTE"", ""SUN"", ""JANE"", ""WOMAN""]"
4,10,2,"[""JACK"", ""KATE"", ""JULIET"", ""CLAIRE"", ""SAWYER"", ""MILES""]"
4,10,3,"[""JULIET"", ""SUN"", ""DAN"", ""JIN"", ""CHARLOTTE"", ""KATE"", ""SAWYER"", ""MILES"", ""BERNARD"", ""ROSE"", ""JACK"", ""MRS. BERENBERG"", ""ERIKA"", ""RECEPTIONIST"", ""DR. STILLMAN"", ""HURLEY""]"
4,10,4,"[""Sun"", ""DAN"", ""CHARLOTTE"", ""DANIEL"", ""JIN"", ""SUN"", ""MILES"", ""CLAIRE"", ""SAWYER"", ""LAPIDUS"", ""KEAMY"", ""MAN 1"", ""MAN 2"", ""MAN 3"", ""KATE"", ""JULIET"", ""JACK""]"
4,10,5,"[""BERNARD"", ""JULIET"", ""DANIEL"", ""JIN"", ""CHARLOTTE"", ""JACK"", ""KATE"", ""CHRISTIAN"", ""ERIKA"", ""CLAIRE""]"
4,10,6,"[""BERNARD"", ""KATE"", ""JULIET"", ""JACK"", ""MILES"", ""SAWYER""]"
4,11,1,"[""MRS. LOCKE"", ""EMILY"", ""NURSE"", ""DOCTOR"", ""HURLEY"", ""LOCKE"", ""BEN"", ""SAYID"", ""KEAMY"", ""RAY"", ""GAULT"", ""MICHAEL""]"
4,11,2,"[""HORACE"", ""LOCKE"", ""HURLEY"", ""BEN"", ""WOMAN OVER P.A."", ""NURSE"", ""MRS. LOCKE"", ""EMILY""]"
4,11,3,"[""WOMAN"", ""CHILD"", ""RICHARD"", ""JOHN"", ""HURLEY"", ""BEN"", ""LOCKE"", ""KEAMY"", ""GAULT"", ""LAPIDUS"", ""DESMOND"", ""SAYID"", ""OMAR""]"
4,11,4,"[""LOCKE"", ""HURLEY"", ""BEN"", ""JOHN"", ""GELLERT"", ""LAPIDUS"", ""MICHAEL"", ""GAULT"", ""SAYID"", ""DESMOND""]"
4,11,5,"[""LOCKE"", ""BEN"", ""HURLEY"", ""PHYSICAL THERAPIST"", ""ORDERLY"", ""ABADDON"", ""OMAR"", ""RAY"", ""KEAMY"", ""LAPIDUS"", ""GAULT""]"
4,11,6,"[""JULIET"", ""JACK"", ""LOCKE"", ""BEN"", ""HURLEY"", ""MAN"", ""CHRISTIAN"", ""CLAIRE""]"
4,12,1,"[""PILOT"", ""COPILOT"", ""MS. DECKER"", ""JACK"", ""SUN"", ""ROSE"", ""FARADAY"", ""KEAMY"", ""JULIET"", ""FRANK"", ""KATE"", ""CHARLOTTE""]"
4,12,2,"[""JACK"", ""KATE"", ""MILES"", ""SAWYER"", ""MS. DECKER"", ""MALE REPORTER #1"", ""FEMALE REPORTER #1"", ""HURLEY"", ""FEMALE KOREAN REPORTER"", ""FEMALE REPORTER #2"", ""MALE REPORTER #3"", ""SUN"", ""ARABIC REPORTER"", ""SAYID"", ""MALE REPORTER #4"", ""JULIET""]"
4,12,3,"[""HURLEY"", ""BEN"", ""LOCKE"", ""FARADAY"", ""SAYID"", ""JULIET"", ""KATE"", ""SUN"", ""MAN"", ""WOMAN"", ""JIN"", ""MR. PAIK"", ""UNDERLING""]"
4,12,4,"[""HURLEY"", ""ALL"", ""CARMEN"", ""DAVID"", ""MAN"", ""KATE"", ""NADIA"", ""SAYID"", ""BEN"", ""LOCKE""]"
4,12,5,"[""FARADAY"", ""DESMOND"", ""SUN"", ""MICHAEL"", ""HENDRICKS"", ""SAWYER"", ""JACK"", ""LAPIDUS"", ""MARGO"", ""KATE"", ""CAROLE""]"
4,12,6,"[""SUN"", ""MICHAEL"", ""JIN"", ""DESMOND"", ""SAYID"", ""KATE"", ""RICHARD"", ""LOCKE"", ""BEN"", ""HURLEY""]"
4,13,1,"[""KATE"", ""JACK"", ""SAWYER"", ""HURLEY"", ""LOCKE"", ""DESMOND"", ""MICHAEL"", ""JIN""]"
4,13,2,"[""JACK"", ""LOCKE"", ""HURLEY"", ""KEAMY"", ""BEN"", ""LAPIDUS"", ""KATE"", ""RICHARD""]"
4,13,3,"[""MICHAEL'S MOTHER"", ""NURSE"", ""HURLEY"", ""WALT"", ""SAWYER"", ""JACK"", ""LOCKE"", ""BEN""]"
4,13,4,"[""MAN"", ""SUN"", ""MICHAEL"", ""DESMOND"", ""FARADAY"", ""JULIET"", ""ROSE"", ""MILES"", ""CHARLOTTE"", ""LOCKE"", ""BEN"", ""SCIENTIST""]"
4,13,5,"[""HURLEY"", ""SAWYER"", ""KATE"", ""JACK"", ""LAPIDUS"", ""SAYID"", ""SCIENTIST"", ""KEAMY"", ""LOCKE"", ""BEN""]"
4,13,6,"[""FARADAY"", ""CHARLOTTE"", ""JULIET"", ""DESMOND"", ""JIN"", ""MICHAEL"", ""SAYID"", ""LAPIDUS"", ""JACK"", ""SAWYER"", ""KATE""]"
4,13,1,"[""SAYID"", ""GUY IN CAR"", ""HURLEY"", ""LAPIDUS"", ""JACK"", ""LOCKE"", ""BEN"", ""KEAMY"", ""MICHAEL"", ""JIN"", ""DESMOND"", ""KATE"", ""SUN"", ""CHRISTIAN""]"
4,13,2,"[""SUN"", ""JACK"", ""LAPIDUS"", ""SAYID"", ""KATE"", ""MRS. PAIK"", ""JI YEON"", ""WIDMORE"", ""LOCKE"", ""BEN"", ""SAWYER"", ""JULIET""]"
4,13,3,"[""LOCKE"", ""BEN"", ""RICHARD"", ""DESMOND"", ""LAPIDUS"", ""HURLEY"", ""JACK"", ""SAYID""]"
4,13,4,"[""KATE"", ""LAPIDUS"", ""SAYID"", ""HURLEY"", ""SUN"", ""JACK"", ""CLAIRE"", ""DESMOND"", ""HURLEY AND DESMOND"", ""MAN"", ""HENRIK"", ""PENNY""]"
4,13,5,"[""HURLEY"", ""SAYID"", ""JACK"", ""LAPIDUS"", ""PENNY"", ""DESMOND"", ""BEN""]"
5,1,1,"[""WIFE"", ""RECORD"", ""DIRECTOR"", ""CHANG"", ""SOUND MAN"", ""MAN"", ""FOREMAN"", ""WORKER"", ""TANK CARRYING WORKER"", ""BEN"", ""JACK"", ""LOCKE"", ""FROGURT"", ""FARADAY"", ""SAWYER"", ""JULIET"", ""BERNARD"", ""ROSE"", ""CHARLOTTE"", ""MILES""]"
5,1,2,"[""AARON"", ""KATE"", ""NORTON"", ""JULIET"", ""SAWYER"", ""FARADAY"", ""CHARLOTTE"", ""MILES"", ""LOCKE"", ""ETHAN""]"
5,1,3,"[""LOCKE"", ""ETHAN"", ""SAWYER"", ""FARADAY"", ""WOMAN"", ""TICKETING AGENT"", ""SUN"", ""WIDMORE"", ""FEMALE NEWS ANCHOR"", ""JACK"", ""BEN"", ""HURLEY"", ""WAITRESS"", ""SAYID"", ""FIRST MAN"", ""SECOND MAN"", ""THIRD MAN""]"
5,1,4,"[""CHARLOTTE"", ""MILES"", ""JULIET"", ""FARADAY"", ""SAWYER"", ""LOCKE"", ""RICHARD""]"
5,1,5,"[""MILES"", ""JULIET"", ""SAWYER"", ""FARADAY"", ""CHARLOTTE"", ""MAN"", ""DESMOND"", ""PENNY""]"
5,2,1,"[""HURLEY"", ""JACK"", ""SAYID"", ""LAPIDUS"", ""KATE"", ""PENNY"", ""ANA LUCIA""]"
5,2,2,"[""ROSE"", ""BERNARD"", ""FROGURT"", ""SAWYER"", ""JULIET"", ""MILES"", ""FARADAY"", ""CHARLOTTE"", ""HURLEY"", ""CLERK"", ""AARON"", ""KATE"", ""BEN"", ""JACK"", ""DAVID"", ""ANNOUNCER"", ""WOMAN 1"", ""WOMAN 2"", ""MAN""]"
5,2,3,"[""HURLEY"", ""DAVID"", ""DETECTIVE"", ""AARON"", ""KATE"", ""SUN"", ""JILL"", ""BEN"", ""ROSE"", ""MAN"", ""BERNARD"", ""FROGURT"", ""CHARLOTTE"", ""FARADAY"", ""MILES"", ""SAWYER"", ""MALE SURVIVOR"", ""JULIET""]"
5,2,4,"[""SAWYER"", ""CHARLOTTE"", ""WOMAN"", ""MAN"", ""ANOTHER MAN"", ""JULIET"", ""HURLEY"", ""DAVID"", ""CARMEN"", ""KATE"", ""SUN"", ""JACK"", ""BEN""]"
5,2,5,"[""CARMEN"", ""HURLEY"", ""SAWYER"", ""JULIET"", ""JONES""]"
5,2,6,"[""VOICE OVER P.A."", ""JACK"", ""SAYID"", ""HURLEY"", ""BEN"", ""DETECTIVE"", ""JONES"", ""SAWYER"", ""JULIET"", ""MATTINGLY"", ""LOCKE"", ""SHROUDED WOMAN"", ""MS. HAWKING""]"
5,3,1,"[""DESMOND"", ""SALONGA"", ""PENNY"", ""FARADAY"", ""MILES"", ""CHARLOTTE"", ""MAN"", ""YOUNG BLONDE HOSTILE""]"
5,3,2,"[""DESMOND"", ""PENNY"", ""YOUNG BLONDE HOSTILE"", ""MILES"", ""FARADAY"", ""LOCKE"", ""SAWYER"", ""JULIET"", ""CUNNINGHAM"", ""JONES"", ""RICHARD""]"
5,3,3,"[""ARCHIVIST"", ""DESMOND"", ""CUSTODIAN"", ""FARADAY"", ""CHARLOTTE"", ""MILES"", ""RICHARD"", ""ALPERT"", ""SAWYER"", ""JULIET"", ""LOCKE"", ""CUNNINGHAM""]"
5,3,4,"[""ABIGAIL"", ""DESMOND"", ""MILES"", ""FARADAY"", ""CHARLOTTE"", ""ELLIE"", ""RICHARD"", ""JONES"", ""ALPERT"", ""LOCKE"", ""JULIET"", ""SAWYER""]"
5,3,5,"[""ELLIE"", ""FARADAY"", ""SAWYER"", ""JULIET"", ""MELANIE"", ""WIDMORE"", ""DESMOND"", ""LOCKE"", ""JONES"", ""RICHARD""]"
5,3,6,"[""PENNY"", ""DESMOND"", ""RICHARD"", ""LOCKE"", ""SAWYER"", ""JULIET"", ""FARADAY"", ""CHARLOTTE"", ""MILES""]"
5,4,1,"[""JACK"", ""KATE"", ""SUN"", ""AARON"", ""MAN""]"
5,4,2,"[""JULIET"", ""SAWYER"", ""MILES"", ""FARADAY"", ""NORTON"", ""KATE"", ""LOCKE"", ""CHARLOTTE"", ""JACK"", ""SAYID"", ""DR. ARIZA"", ""HURLEY"", ""BEN"", ""NURSE""]"
5,4,3,"[""KATE"", ""JACK"", ""BEN"", ""SAYID"", ""SAWYER"", ""LOCKE"", ""MILES"", ""FARADAY"", ""CHARLOTTE"", ""JULIET"", ""CLAIRE""]"
5,4,4,"[""KATE"", ""JACK"", ""LOCKE"", ""SAWYER"", ""MILES"", ""FARADAY"", ""JULIET"", ""CHARLOTTE""]"
5,4,5,"[""JACK"", ""KATE"", ""CAROLE"", ""BEN"", ""SAYID"", ""NORTON"", ""LOCKE"", ""MILES"", ""FARADAY"", ""JULIET"", ""SAWYER"", ""CHARLOTTE"", ""ROBERT"", ""MONTAND"", ""BRENNAN"", ""YOUNG WOMAN"", ""UNKNOWN""]"
5,4,6,"[""KATE"", ""JACK"", ""BEN"", ""AUTOMATED VOICE OVER RADIO"", ""MONTAND"", ""ROBERT"", ""YOUNG WOMAN"", ""JIN""]"
5,5,1,"[""SUN"", ""MRS. PAIK"", ""JI YEON"", ""KATE"", ""BEN"", ""JACK"", ""MAN ON RECORDING"", ""ROUSSEAU"", ""JIN"", ""ROBERT"", ""MONTAND"", ""BRENNAN""]"
5,5,2,"[""DANIELLE"", ""BRENNAN"", ""JIN"", ""MONTAND"", ""VARIOUS"", ""ROBERT"", ""MAN'S VOICE"", ""SAWYER""]"
5,5,3,"[""MILES"", ""DANIEL"", ""SAWYER"", ""JIN"", ""CHARLOTTE"", ""LOCKE"", ""SUN"", ""BEN"", ""KATE"", ""JACK"", ""SAYID"", ""JULIET""]"
5,5,4,"[""SUN"", ""BEN"", ""JACK"", ""CHARLOTTE"", ""DANIEL"", ""SAWYER"", ""LOCKE"", ""JULIET"", ""MILES""]"
5,5,5,"[""SAWYER"", ""LOCKE"", ""JIN"", ""JULIET"", ""MILES"", ""DANIEL"", ""CHARLOTTE""]"
5,5,6,"[""LOCKE"", ""CHRISTIAN SHEPHARD"", ""CHRISTIAN"", ""BEN"", ""SUN"", ""JACK"", ""MAN'S VOICE"", ""DESMOND"", ""ELOISE""]"
5,6,1,"[""HURLEY"", ""JACK"", ""KATE"", ""ELOISE"", ""BEN""]"
5,6,2,"[""JACK"", ""BEN"", ""ELOISE"", ""SUN"", ""DESMOND""]"
5,6,3,"[""ELOISE"", ""JACK"", ""BEN"", ""NURSE"", ""MAGICIAN"", ""RAY"", ""KATE""]"
5,6,4,"[""KATE"", ""JACK"", ""BEN"", ""JILL""]"
5,6,5,"[""VOICE ON INTERCOM"", ""NABIL"", ""JACK"", ""CAESAR"", ""WOMAN OVER PA"", ""SUN"", ""WOMAN ON PA"", ""WOMAN"", ""HURLEY"", ""FLIGHT ATTENDANT"", ""KATE"", ""BEN"", ""MAN OVER P.A."", ""LAPIDUS""]"
5,6,6,"[""JACK"", ""BEN"", ""HURLEY"", ""FLIGHT ATTENDANT"", ""KATE"", ""RADIO LYRICS""]"
5,7,1,"[""ILANA"", ""CAESAR"", ""MAN"", ""LOCKE""]"
5,7,2,"[""ILANA"", ""LOCKE"", ""CHRISTIAN"", ""MAN #1"", ""MAN #2"", ""MAN #3"", ""MAN"", ""DOCTOR"", ""NURSE"", ""AYESHA"", ""WIDMORE""]"
5,7,3,"[""LOCKE"", ""WIDMORE"", ""ABADDON"", ""WOMAN"", ""SAYID"", ""MAN"", ""WALT"", ""BOY""]"
5,7,4,"[""LOCKE"", ""HURLEY"", ""SUSIE"", ""MALE NURSE"", ""ABADDON"", ""KATE""]"
5,7,5,"[""LOCKE"", ""JACK"", ""MAN"", ""BEN""]"
5,7,6,"[""BEN"", ""LOCKE"", ""CAESAR""]"
5,8,1,"[""MILES"", ""SAWYER"", ""JULIET"", ""JIN"", ""LOCKE"", ""PHIL"", ""JERRY"", ""ROSIE"", ""LAFLEUR""]"
5,8,2,"[""MILES"", ""SAWYER"", ""AMY"", ""FARADAY"", ""JULIET"", ""WOMAN"", ""BEARD""]"
5,8,3,"[""JULIET"", ""SAWYER"", ""JIN"", ""AMY"", ""MILES"", ""DOCTOR""]"
5,8,4,"[""SAWYER"", ""HORACE"", ""MILES"", ""JULIET"", ""JIN"", ""FARADAY"", ""RED-HEADED GIRL"", ""WOMAN"", ""MAN"", ""PHIL""]"
5,8,5,"[""HORACE"", ""RICHARD"", ""MILES"", ""SAWYER"", ""PHIL"", ""JULIET"", ""AMY""]"
5,8,6,"[""SAWYER"", ""HORACE"", ""JULIET""]"
5,9,1,"[""CO-PILOT"", ""LAPIDUS"", ""HURLEY"", ""FEMALE FLIGHT ATTENDANT"", ""AUTOMATED FEMALE VOICE"", ""AUTOMATED MALE VOICE"", ""CAESAR"", ""ILANA"", ""SUN"", ""BEN"", ""SAWYER"", ""JACK"", ""KATE"", ""JIN""]"
5,9,2,"[""JACK"", ""SAWYER"", ""KATE"", ""MILES"", ""JIN"", ""HURLEY"", ""JULIET"", ""RADZINSKY"", ""ILANA"", ""SUN"", ""LAPIDUS"", ""CAESAR"", ""BEN""]"
5,9,3,"[""AMY"", ""JULIET"", ""KATE"", ""JACK"", ""HURLEY"", ""SAWYER"", ""RADZINSKY"", ""JIN"", ""SAYID""]"
5,9,4,"[""HURLEY"", ""SAWYER"", ""JACK"", ""WOMAN ON PA"", ""MILES"", ""JIN"", ""SUN"", ""BEN"", ""LAPIDUS""]"
5,9,5,"[""KATE"", ""PHIL"", ""JACK"", ""DR. CHANG"", ""JULIET"", ""SAWYER"", ""JIN"", ""RADZINSKY"", ""SAYID"", ""LAPIDUS"", ""SUN"", ""MAN"", ""CHRISTIAN""]"
5,9,6,"[""SUN"", ""CHRISTIAN"", ""MAN"", ""ALL"", ""HURLEY"", ""PHIL"", ""SAWYER"", ""RADZINSKY"", ""JACK"", ""JULIET"", ""BOY"", ""SAYID""]"
5,10,1,"[""MAN"", ""BOY"", ""YOUNG BEN"", ""PHIL"", ""SAYID""]"
5,10,2,"[""MAN 2"", ""BEN"", ""SAYID"", ""HORACE"", ""RADZINSKY"", ""SAWYER"", ""JULIET"", ""PHIL""]"
5,10,3,"[""HURLEY"", ""JACK"", ""KATE"", ""ROGER"", ""SAYID"", ""YOUNG BEN"", ""BEN"", ""SAWYER"", ""HORACE"", ""OLDHAM"", ""PHIL""]"
5,10,4,"[""BEN"", ""SUN"", ""KATE"", ""SAYID"", ""WOMAN"", ""BARTENDER"", ""ILANA"", ""HORACE"", ""OLDHAM"", ""RADZINSKY"", ""JULIET"", ""SAWYER"", ""HOACE"", ""AMY""]"
5,10,5,"[""ILANA"", ""SAYID"", ""SAWYER"", ""KATE"", ""MAN"", ""WOMAN"", ""JACK"", ""PHIL"", ""YOUNG BEN""]"
5,10,6,"[""TANNOY"", ""SAYID"", ""ILANA"", ""BEN"", ""HURLEY"", ""JACK"", ""YOUNG BEN"", ""JIN"", ""PHIL""]"
5,11,1,"[""PHIL"", ""JIN"", ""BEN"", ""HORACE"", ""MAN"", ""HURLEY"", ""JACK"", ""BAXTER"", ""ROGER"", ""KATE"", ""CASSIDY""]"
5,11,2,"[""CASSIDY"", ""KATE"", ""SAWYER"", ""HORACE"", ""MILES"", ""ROGER"", ""JULIET"", ""NURSE"", ""JACK"", ""HURLEY""]"
5,11,3,"[""KATE"", ""JACK"", ""MILES"", ""JULIET"", ""NURSE"", ""ROGER"", ""HURLEY""]"
5,11,4,"[""JULIET"", ""KATE"", ""BEN"", ""SUN"", ""JACK"", ""AARON"", ""WOMAN"", ""EMPLOYEE"", ""MANAGER"", ""SAWYER""]"
5,11,5,"[""CLEMENTINE"", ""KATE"", ""CASSIDY"", ""SAWYER"", ""JULIET"", ""MILES"", ""HURLEY"", ""JACK"", ""MAN""]"
5,11,6,"[""KATE"", ""CAROLE"", ""SAWYER"", ""MAN"", ""RICHARD"", ""LOCKE""]"
5,12,1,"[""MAN"", ""RICHARD"", ""YOUNG BEN"", ""LOCKE"", ""BEN""]"
5,12,2,"[""ILANA"", ""BEN"", ""BRAM"", ""CEASAR"", ""CAESAR"", ""TEENAGER"", ""ROUSSEAU"", ""LOCKE""]"
5,12,3,"[""BEN"", ""LOCKE"", ""WIDMORE"", ""CHARLES"", ""LAPIDUS"", ""SUN""]"
5,12,4,"[""SUN"", ""LOCKE"", ""LAPIDUS"", ""BEN"", ""ALEX"", ""RICHARD"", ""WIDMORE""]"
5,12,5,"[""LOCKE"", ""SUN"", ""BEN"", ""WIDMORE"", ""DESMOND"", ""PENNY"", ""CHARLIE""]"
5,12,6,"[""MAN"", ""LAPIDUS"", ""ILANA"", ""BRAM"", ""BEN"", ""LOCKE"", ""BEN'S VOICE"", ""WIDMORE'S VOICE"", ""ALEX'S VOICE"", ""ALEX""]"
5,13,1,"[""TREVOR"", ""WOMAN"", ""BOY"", ""MILES"", ""LARA"", ""SAWYER"", ""KATE"", ""HORACE"", ""RADZINSKY""]"
5,13,2,"[""MILES"", ""LARA"", ""HORACE"", ""HURLEY"", ""KATE"", ""JULIET"", ""ROGER""]"
5,13,3,"[""STEREO"", ""HURLEY"", ""MILES"", ""MR. GRAY"", ""NAOMI"", ""KATE"", ""ROGER"", ""DR. CHANG"", ""FIRST DHARMA INITIATIVE MAN"", ""SECOND DHARMA INITIATIVE MAN""]"
5,13,4,"[""MILES"", ""NAOMI"", ""HURLEY"", ""DR. CHANG"", ""ROGER"", ""JACK"", ""WORKER"", ""GLENN""]"
5,13,5,"[""MILES"", ""MAN IN VAN"", ""BRAM"", ""HURLEY"", ""JULIET"", ""SAWYER"", ""JACK"", ""PHIL""]"
5,13,6,"[""MILES"", ""MR. GRAY"", ""HURLEY"", ""DR. CHANG"", ""LARA"", ""MAN"", ""FARADAY""]"
5,14,1,"[""MAN"", ""DOCTOR"", ""PENNY"", ""CHARLIE HUME"", ""MS. HAWKING"", ""FARADAY"", ""MILES"", ""DR. CHANG"", ""CHANG"", ""JACK""]"
5,14,2,"[""BOY"", ""WOMAN"", ""ELOISE"", ""DANIEL"", ""FARADAY"", ""MILES"", ""JACK"", ""SAWYER"", ""JULIET"", ""TONY"", ""DR. CHANG"", ""SEALS"", ""MAN""]"
5,14,3,"[""FARADAY"", ""DR. CHANG"", ""MILES"", ""THERESA"", ""MS. HAWKING"", ""SAWYER"", ""HURLEY"", ""KATE"", ""JULIET"", ""JIN""]"
5,14,4,"[""NEWSCASTER"", ""CAROLINE"", ""FARADAY"", ""WIDMORE"", ""SAWYER"", ""HURLEY"", ""JULIET"", ""JACK"", ""KATE"", ""DANIEL"", ""CHARLOTTE"", ""RADZINSKY""]"
5,14,5,"[""MS. HAWKING"", ""FARADAY"", ""JACK"", ""KATE"", ""SAWYER"", ""JULIET"", ""HURLEY"", ""JIN"", ""RADZINSKY""]"
5,14,6,"[""WOMAN"", ""PENNY"", ""MS. HAWKING"", ""NURSE"", ""DESMOND"", ""WIDMORE"", ""KATE"", ""JACK"", ""OTHER MAN"", ""OTHER WOMAN"", ""FARADAY"", ""RICHARD"", ""ELOISE""]"
5,15,1,"[""FARADAY"", ""RICHARD"", ""KATE"", ""JACK"", ""2ND MAN"", ""WIDMORE"", ""ELOISE"", ""VANESSA"", ""LOCKE"", ""SUN"", ""BEN""]"
5,15,2,"[""LOCKE"", ""SUN"", ""RICHARD"", ""BEN"", ""JACK"", ""ERIK"", ""KATE"", ""ELOISE"", ""RADZINSKY"", ""SAWYER"", ""HORACE""]"
5,15,3,"[""JULIET"", ""RADZINSKY"", ""SAWYER"", ""HORACE"", ""PHIL"", ""MITCH"", ""HURLEY"", ""MILES"", ""DR. CHANG"", ""WIDMORE"", ""ELOISE"", ""JACK"", ""RICHARD"", ""LOCKE"", ""BEN""]"
5,15,4,"[""LOCKE"", ""RICHARD"", ""BEN"", ""DR. CHANG"", ""RADZINSKY"", ""SAWYER"", ""JULIET"", ""ELOISE"", ""KATE"", ""JACK"", ""ERIK""]"
5,15,5,"[""RICHARD"", ""ELOISE"", ""SAYID"", ""JACK"", ""KATE"", ""MAN"", ""JEANNETTE LEWIS"", ""CHARLOTTE"", ""LARA"", ""DR. CHANG"", ""HURLEY"", ""MILES"", ""JIN"", ""SAWYER"", ""JULIET"", ""MITCH"", ""LOCKE"", ""SUN"", ""BEN""]"
5,15,6,"[""MITCH"", ""SAWYER"", ""JULIET"", ""PHIL"", ""KATE"", ""MAN"", ""ENGINEER"", ""SAYID"", ""JACK"", ""ELOISE"", ""LOCKE"", ""BEN""]"
5,16,1,"[""MAN IN BLACK"", ""JACOB""]"
5,16,2,"[""KATE"", ""TOM"", ""WOMAN"", ""SHOPKEEPER"", ""MAN"", ""JACOB"", ""CAPTAIN BIRD"", ""SAWYER"", ""JULIET"", ""JACK"", ""SAYID"", ""ELOISE"", ""RICHARD"", ""RADZINSKY"", ""CHANG"", ""LOCKE"", ""SUN"", ""BEN"", ""ILANA"", ""BRAM"", ""FRANK""]"
5,16,3,"[""MAN"", ""JAMES"", ""JACOB"", ""UNCLE DOUG"", ""DOUG"", ""SAWYER"", ""KATE"", ""MITCH"", ""JULIET"", ""CAPTAIN BIRD"", ""VOICE OVER SPEAKER"", ""BIRD"", ""JACK"", ""SAYID"", ""RICHARD"", ""LOCKE"", ""BEN""]"
5,16,4,"[""SAYID"", ""NADIA"", ""JACOB"", ""RICHARD"", ""JACK"", ""ELOISE"", ""VOICE OVER SPEAKER"", ""PHIL"", ""ROGER"", ""JIN""]"
5,16,5,"[""SAWYER"", ""KATE"", ""JULIET"", ""ROSE"", ""BERNARD"", ""MILES"", ""JACK"", ""HURLEY"", ""JIN"", ""LAPIDUS"", ""BRAM"", ""ILANA"", ""NURSE"", ""JACOB""]"
5,16,6,"[""WOMAN"", ""JACOB"", ""SUN"", ""LOCKE"", ""BEN"", ""JIN"", ""AUNTIE"", ""JACK"", ""HURLEY"", ""SAYID"", ""MILES""]"
5,16,1,"[""LOCKE"", ""RICHARD"", ""JACK"", ""SAWYER"", ""NURSE"", ""CHRISTIAN"", ""WOMAN"", ""JACOB"", ""JULIET""]"
5,16,2,"[""MOTHER"", ""BLONDE SISTER"", ""BRUNETTE SISTER"", ""RACHEL"", ""JULIET"", ""SAWYER"", ""DR. CHANG"", ""RADZINSKY"", ""PHIL"", ""KATE"", ""JACK""]"
5,16,3,"[""MAN"", ""JAIL CLERK"", ""HURLEY"", ""JACOB"", ""MILES"", ""JIN"", ""JACK"", ""SAYID"", ""RICHARD"", ""LOCKE"", ""SUN"", ""BEN""]"
5,16,4,"[""MILES"", ""SAWYER"", ""JULIET"", ""JIN"", ""KATE"", ""RADZINSKY"", ""PHIL"", ""DR. CHANG"", ""WORKER"", ""JACK""]"
5,16,5,"[""RICHARD"", ""SUN"", ""ILANA"", ""JACOB"", ""LOCKE"", ""BEN"", ""SAWYER"", ""KATE"", ""JULIET""]"
6,1,1,"[""CINDY"", ""JACK"", ""ROSE"", ""NORRIS"", ""BERNARD"", ""DESMOND""]"
6,1,2,"[""JULIET"", ""SAWYER"", ""KATE"", ""MILES"", ""JACK"", ""MARS"", ""ARZT"", ""HURLEY"", ""JIN"", ""SAYID"", ""JACOB""]"
6,1,3,"[""JIN"", ""SUN"", ""BOONE"", ""LOCKE"", ""BEN"", ""RICHARD"", ""BRAM"", ""LAPIDUS"", ""ILANA""]"
6,1,4,"[""SAWYER"", ""JACK"", ""HURLEY"", ""JACOB"", ""JIN"", ""KATE"", ""CINDY"", ""EMPLOYEE"", ""SAYID""]"
6,1,5,"[""SAWYER"", ""CINDY"", ""JACK"", ""SAYID"", ""CHARLIE"", ""JULIET"", ""KATE"", ""HURLEY"", ""MILES"", ""RICHARD"", ""BEN"", ""BRAM"", ""LOCKE""]"
6,1,6,"[""KATE"", ""SAWYER"", ""JULIET"", ""CHARLIE"", ""CINDY"", ""JACK"", ""ROSE"", ""NORRIS""]"
6,1,1,"[""MILES"", ""HURLEY"", ""KATE"", ""SAWYER"", ""JACK"", ""OCEANIC-MALE"", ""JIN""]"
6,1,2,"[""CUSTOMS-AGENT"", ""MARS"", ""KATE"", ""RANDOM-LADY"", ""SAWYER"", ""TSA-AGENT-ON-RADIO"", ""BLACK-TSA-AGENT"", ""MILES"", ""RANDOM-OTHER"", ""DOGEN"", ""LENNON"", ""CINDY"", ""JACK"", ""HURLEY"", ""JIN""]"
6,1,3,"[""CUSTOMS-AGENT"", ""JIN"", ""SUN"", ""FEMALE-CUSTOMS-AGENT"", ""LENNON"", ""DOGEN"", ""KATE"", ""JACK"", ""HURLEY""]"
6,1,4,"[""FROGURT"", ""KATE"", ""HURLEY"", ""MARS"", ""CAB-DRIVER"", ""CLAIRE"", ""CINDY"", ""RANDOM-OTHER"", ""MILES"", ""LENNON"", ""DOGEN"", ""BEN"", ""LOCKE""]"
6,1,5,"[""HURLEY"", ""MILES"", ""KATE"", ""SAWYER"", ""JACK"", ""LOCKE"", ""LAPIDUS"", ""RICHARD"", ""LENNON"", ""SAYID""]"
6,2,1,"[""LENNON"", ""MILES"", ""HURLEY"", ""JACK"", ""SAYID"", ""KATE"", ""SAWYER"", ""MARSHAL"", ""MAN"", ""CAB DRIVER"", ""CLAIRE"", ""ARZT"", ""TEMPLE LEADER""]"
6,2,2,"[""TEMPLE LEADER"", ""JACK"", ""ALDO"", ""LENNON"", ""KATE"", ""JIN"", ""REPAIRMAN"", ""SAYID""]"
6,2,3,"[""KATE"", ""CLAIRE"", ""ALDO"", ""JIN"", ""JUSTIN"", ""HURLEY"", ""JACK"", ""SAYID"", ""LENNON"", ""TEMPLE LEADER""]"
6,2,4,"[""MILES"", ""SAYID"", ""HURLEY"", ""JACK"", ""JIN"", ""KATE"", ""CLAIRE"", ""MRS. BASKUM"", ""SAWYER""]"
6,2,5,"[""NURSE"", ""CLAIRE"", ""KATE"", ""NURSE 2"", ""DOCTOR GOODSPEED"", ""SAWYER"", ""JACK"", ""TEMPLE LEADER"", ""DOGEN""]"
6,2,6,"[""CLAIRE"", ""DETECTIVE RASMUSSEN."", ""DETECTIVE RASMUSSEN"", ""PA VOICE"", ""KATE"", ""LENNON"", ""DOGEN"", ""JACK"", ""ALDO"", ""JIN"", ""JUSTIN""]"
6,3,1,"[""JOHN"", ""HELEN"", ""LOCKE""]"
6,3,2,"[""RANDY"", ""JOHN"", ""LOCKE"", ""RICHARD"", ""BEN"", ""ILANA"", ""SAWYER""]"
6,3,3,"[""SAWYER"", ""LOCKE"", ""JOHN"", ""HURLEY"", ""LAPIDUS"", ""ILANA"", ""SUN"", ""BOY""]"
6,3,4,"[""SAWYER"", ""RICHARD"", ""LOCKE"", ""WOMAN"", ""JOHN"", ""ROSE""]"
6,3,5,"[""BEN"", ""ILANA"", ""LAPIDUS"", ""WOMEN"", ""WOMAN"", ""JOHN"", ""HELEN"", ""MAN"", ""SAWYER"", ""LOCKE""]"
6,3,6,"[""JOHN"", ""KID"", ""MAN"", ""BEN"", ""SAWYER"", ""LOCKE""]"
6,4,1,"[""JACK"", ""MRS SHEPHARD"", ""DAVID"", ""DOGEN"", ""HURLEY"", ""MILES"", ""MAN"", ""JACOB""]"
6,4,2,"[""JACK"", ""DAVID"", ""MARGO"", ""SAYID"", ""JIN"", ""CLAIRE"", ""DOGEN"", ""HURLEY"", ""JACOB""]"
6,4,3,"[""JIN"", ""CLAIRE"", ""JUSTIN"", ""JACK"", ""HURLEY"", ""KATE"", ""MARGO""]"
6,4,4,"[""HURLEY"", ""JACK"", ""DAVID"", ""ANSWERING MACHINE MESSAGE"", ""CLAIRE"", ""JUSTIN"", ""JIN""]"
6,4,5,"[""HURLEY"", ""JACK"", ""UNKNOWN BOY"", ""DOGEN""]"
6,4,6,"[""JACK"", ""DAVID"", ""JACOB"", ""HURLEY"", ""CLAIRE"", ""JIN"", ""LOCKE""]"
6,5,1,"[""CABBIE"", ""SAYID"", ""NADIA"", ""EVA"", ""SAM"", ""OMER"", ""DOGEN"", ""LOCKE"", ""CLAIRE""]"
6,5,2,"[""OMER"", ""SAYID"", ""MILES"", ""RANDOM-OTHER"", ""LENNON"", ""CLAIRE"", ""DOGEN""]"
6,5,3,"[""SAM"", ""SAYID"", ""EVA"", ""NADIA"", ""DOCTOR"", ""KATE"", ""MILES"", ""LOCKE""]"
6,5,4,"[""LOCKE"", ""SAYID"", ""NADIA"", ""DOGEN"", ""CINDY"", ""LENNON"", ""KATE"", ""CLAIRE""]"
6,5,5,"[""LENNON"", ""SAYID"", ""CINDY"", ""MILES"", ""OMAR"", ""KEAMY"", ""JIN""]"
6,5,6,"[""DOGEN"", ""SAYID"", ""LENNON"", ""KATE"", ""MILES"", ""ILANA"", ""LAPIDUS"", ""BEN"", ""CLAIRE"", ""SUN""]"
6,6,1,"[""ILANA"", ""BEN"", ""SUN"", ""MILES"", ""REYNOLDS"", ""ARZT"", ""JOHN""]"
6,6,2,"[""ILANA"", ""MILES"", ""BEN"", ""LAPIDUS"", ""ROGER"", ""ALEX"", ""SUN"", ""HURLEY"", ""JACK"", ""RICHARD""]"
6,6,3,"[""BEN"", ""ALEX"", ""MILES"", ""ILANA"", ""HURLEY"", ""RICHARD"", ""JACK""]"
6,6,4,"[""BEN"", ""ARZT"", ""JACK"", ""RICHARD"", ""HURLEY""]"
6,6,5,"[""HURLEY"", ""JACK"", ""RICHARD"", ""LOCKE"", ""BEN"", ""ILANA"", ""REYNOLDS""]"
6,6,6,"[""ALEX"", ""BEN"", ""REYNOLDS"", ""ARZT"", ""SUN"", ""CREWMAN AT PERISCOPE"", ""WIDMORE""]"
6,7,1,"[""SAWYER"", ""JIN"", ""KATE"", ""AVA"", ""POLICE OFFICER"", ""MILES""]"
6,7,2,"[""KATE"", ""CLAIRE"", ""LOCKE"", ""CINDY"", ""SAWYER"", ""MILES""]"
6,7,3,"[""MILES"", ""SAWYER"", ""CHARLOTTE"", ""KATE"", ""SAYID"", ""LOCKE"", ""CLAIRE"", ""ZOE""]"
6,7,4,"[""LIAM"", ""OFFICER"", ""SAWYER"", ""MILES"", ""ZOE"", ""LOCKE"", ""KATE"", ""MAN""]"
6,7,5,"[""LOCKE"", ""KATE"", ""ZOE"", ""LAURA"", ""CHARLES"", ""CHARLOTTE"", ""SAWYER"", ""WIDMORE""]"
6,7,6,"[""CLAIRE"", ""KATE"", ""LOCKE"", ""SAWYER"", ""MILES""]"
6,8,1,"[""JACOB"", ""ILANA"", ""JACK"", ""SUN"", ""LAPIDUS"", ""HURLEY"", ""RICHARD""]"
6,8,2,"[""JACK"", ""ILANA"", ""BEN"", ""SUN"", ""HURLEY"", ""Hurley"", ""LAPIDUS"", ""ISABELLA"", ""RICHARD"", ""RICARDO"", ""SERVANT"", ""DOCTOR"", ""FATHER SUAREZ""]"
6,8,3,"[""FATHER SUAREZ"", ""RICHARD"", ""JONAS"", ""PRIEST"", ""IGNACIO"", ""VOICE FROM OUTSIDE THE SHIP"", ""OTHER VOICE"", ""PIERCE"", ""OTHER PRISONER""]"
6,8,4,"[""RICHARD"", ""ISABELLA"", ""ISABELA"", ""MAN IN BLACK""]"
6,8,5,"[""MAN IN BLACK"", ""RICHARD"", ""JACOB""]"
6,8,6,"[""RICHARD"", ""JACOB"", ""MAN IN BLACK"", ""HURLEY"", ""ISABELLA""]"
6,9,1,"[""SAWYER"", ""KATE"", ""LOCKE"", ""JIN"", ""SECURITY OFFICER"", ""SUN"", ""CLERK"", ""SAYID"", ""SEAMUS"", ""ZOE""]"
6,9,2,"[""MILES"", ""BEN"", ""ILANA"", ""LAPIDUS"", ""JACK"", ""SUN"", ""JIN"", ""LOCKE""]"
6,9,3,"[""SUN"", ""JIN"", ""KEAMY"", ""BEN"", ""LOCKE"", ""SAYID"", ""ZOE"", ""CLAIRE"", ""SAWYER""]"
6,9,4,"[""KEAMY"", ""SUN"", ""OMAR"", ""JIN"", ""MIKHAIL"", ""BEN"", ""ILANA"", ""JACK"", ""MILES"", ""LAPIDUS"", ""RICHARD"", ""MEN"", ""SEAMUS"", ""LOCKE"", ""WIDMORE""]"
6,9,5,"[""JACK"", ""RICHARD"", ""BEN"", ""LAPIDUS"", ""MILES"", ""HURLEY"", ""ILANA"", ""SUN"", ""MIKHAIL"", ""BANK CLERK"", ""OMAR"", ""KEAMY"", ""JIN"", ""WIDMORE"", ""ZOE""]"
6,9,6,"[""JIN"", ""SAYID"", ""MIKHAIL"", ""KEAMY"", ""SUN"", ""JACK"", ""SAWYER"", ""KATE"", ""LOCKE"", ""SEAMUS"", ""ZOE""]"
6,10,1,"[""ZOE"", ""DESMOND"", ""WIDMORE"", ""JIN"", ""SEAMUS"", ""UNKNOWN VOICE"", ""SIMMONS"", ""UNKNOWN TECHNICIAN""]"
6,10,2,"[""MAN"", ""WIDMORE"", ""DESMOND"", ""WIDMORE'S MAN"", ""JIN"", ""SEAMUS"", ""HURLEY"", ""CLAIRE"", ""GEORGE"", ""RECEPTIONIST""]"
6,10,3,"[""WIDMORE"", ""DESMOND"", ""LAWYER"", ""DRIVER"", ""CHARLIE""]"
6,10,4,"[""DOCTOR"", ""DESMOND"", ""TECHNICIAN"", ""NURSE"", ""JACK"", ""CHARLIE"", ""WOMAN""]"
6,10,5,"[""WIDMORE"", ""DESMOND"", ""GEORGE"", ""ELOISE"", ""WAITER"", ""MAN"", ""DANIEL""]"
6,10,6,"[""DESMOND"", ""DANIEL"", ""PENNY"", ""MAN"", ""SEAMUS"", ""WIDMORE"", ""ZOE"", ""SAYID"", ""GEORGE""]"
6,12,1,"[""LOCKE"", ""JACK"", ""HURLEY"", ""EMT #1"", ""MAN ON RADIO"", ""BEN"", ""EMT #2"", ""JIN"", ""SUN"", ""CLAIRE""]"
6,12,2,"[""HURLEY"", ""SAWYER"", ""CLAIRE"", ""LOCKE"", ""KATE"", ""MILES"", ""JACK"", ""MAN"", ""ZOE""]"
6,12,3,"[""CLAIRE"", ""MAN"", ""DESMOND"", ""RECEPTIONIST"", ""ILANA"", ""LOCKE"", ""HURLEY"", ""SAWYER"", ""KATE"", ""JACK"", ""SAYID""]"
6,12,4,"[""DESMOND"", ""SAYID"", ""NADIA"", ""MILES"", ""SAWYER"", ""KATE"", ""JACK"", ""CLAIRE"", ""LOCKE"", ""CINDY"", ""HURLEY"", ""LAPIDUS""]"
6,12,5,"[""JACK"", ""DAVID"", ""ILANA"", ""CLAIRE"", ""LAPIDUS"", ""SAWYER"", ""KATE""]"
6,12,6,"[""SUN"", ""JIN"", ""DAVID"", ""JACK"", ""FEMALE SURGEON"", ""LOCKE"", ""SAWYER"", ""MAN"", ""ZOE"", ""LAPIDUS""]"
6,13,1,"[""JACK"", ""JOHN"", ""HELEN"", ""SAYID"", ""SEAMUS"", ""SAWYER"", ""WIDMORE"", ""KATE"", ""PAUL""]"
6,13,2,"[""JACK"", ""BERNARD"", ""SAYID"", ""LOCKE"", ""SAWYER"", ""KATE"", ""JIN"", ""SUN"", ""LAPIDUS"", ""MAN"", ""PAUL"", ""SEAMUS"", ""HURLEY""]"
6,13,3,"[""JACK"", ""LAPIDUS"", ""KATE"", ""SAWYER"", ""SAYID"", ""NURSE"", ""HELEN"", ""WHEELER"", ""LOCKE"", ""HURLEY"", ""JIN"", ""CLAIRE""]"
6,13,4,"[""JOHN"", ""WOMAN"", ""JACK"", ""CLAIRE"", ""Jack"", ""SAWYER"", ""MAN"", ""LAPIDUS"", ""KATE"", ""LOCKE"", ""SAYID"", ""HURLEY"", ""JIN""]"
6,13,5,"[""JACK"", ""SAWYER"", ""JIN"", ""LAPIDUS"", ""HURLEY"", ""SAYID"", ""SUN"", ""Jack"", ""ALL""]"
6,13,6,"[""ORDERLY"", ""JOHN"", ""JACK"", ""KATE"", ""HURLEY"", ""LOCKE"", ""CLAIRE""]"
6,14,1,"[""MOTHER"", ""CLAUDIA""]"
6,14,2,"[""JACOB"", ""BOY IN BLACK"", ""MOTHER""]"
6,14,3,"[""BOY IN BLACK"", ""JACOB"", ""CLAUDIA"", ""MOTHER""]"
6,14,4,"[""JACOB"", ""MOTHER"", ""MAN IN BLACK""]"
6,14,5,"[""MOTHER"", ""JACOB""]"
6,14,6,"[""JACOB"", ""MOTHER"", ""MAN IN BLACK"", ""KATE"", ""JACK"", ""LOCKE""]"
6,15,1,"[""DAVID"", ""JACK"", ""CLAIRE"", ""MAN"", ""KATE""]"
6,15,2,"[""JACK"", ""HURLEY"", ""TEENAGE GIRL"", ""LOCKE"", ""BEN"", ""DESMOND"", ""MILES"", ""RICHARD"", ""ZOE"", ""WIDMORE""]"
6,15,3,"[""BEN"", ""WIDMORE"", ""ZOE"", ""RICHARD"", ""NURSE"", ""JOHN"", ""OFFICER"", ""DESMOND"", ""SAWYER"", ""MILES"", ""KATE"", ""JACK"", ""HURLEY"", ""YOUNG JACOB"", ""JACOB""]"
6,15,4,"[""ZOE"", ""WIDMORE"", ""BEN"", ""MILES"", ""RICHARD"", ""LOCKE"", ""ALEX"", ""ROUSSEAU"", ""JACOB"", ""HURLEY"", ""JACK"", ""KATE""]"
6,15,5,"[""WOMAN P.A. VOICE"", ""JOHN"", ""JACK"", ""JACOB"", ""HURLEY"", ""SAWYER"", ""KATE""]"
6,15,6,"[""SAWYER"", ""KATE"", ""HURLEY"", ""JACOB"", ""JACK"", ""AUSTEN"", ""MAN"", ""DESMOND"", ""SAYID"", ""ANA LUCIA"", ""BEN"", ""LOCKE""]"
6,16,1,"[""DESMOND"", ""DELIVERY TRUCK DRIVER"", ""DRIVER"", ""KATE"", ""SAWYER"", ""JACK"", ""HURLEY""]"
6,16,2,"[""SAYID"", ""HURLEY"", ""MAN"", ""CHARLIE"", ""KATE"", ""JACK"", ""BEN"", ""LOCKE"", ""SAWYER"", ""ROSE"", ""BERNARD"", ""DESMOND""]"
6,16,3,"[""LOCKE"", ""DESMOND"", ""BEN"", ""MILES"", ""RICHARD"", ""SAWYER"", ""JIN"", ""SUN"", ""WOMAN"", ""JULIET""]"
6,16,4,"[""HURLEY"", ""SAWYER"", ""JACK"", ""LOCKE"", ""RICHARD"", ""MILES"", ""FRANK"", ""KATE""]"
6,16,5,"[""JULIET"", ""JACK"", ""DAVID"", ""SAWYER"", ""RECEPTIONIST"", ""LOCKE"", ""HURLEY"", ""DESMOND""]"
6,16,6,"[""SAYID"", ""HURLEY"", ""SHANNON"", ""BOONE"", ""MILES"", ""SAWYER"", ""BEN"", ""FRANK"", ""KATE"", ""CLAIRE"", ""RICHARD"", ""LOCKE"", ""JACK"", ""DESMOND""]"
6,16,7,"[""JULIET"", ""DAVID"", ""CLAIRE"", ""CHARLOTTE"", ""CHARLIE"", ""DANIEL"", ""DESMOND"", ""KATE"", ""MAN ON MICROPHONE"", ""LOCKE"", ""JACK""]"
6,16,8,"[""CLAIRE"", ""KATE"", ""ELOISE"", ""DESMOND"", ""CHARLIE"", ""BEN"", ""JACK"", ""SAWYER"", ""HURLEY"", ""MILES"", ""LAPIDUS"", ""RICHARD""]"
6,16,9,"[""LOCKE"", ""KATE"", ""NURSE"", ""JACK""]"
6,16,10,"[""KATE"", ""JACK"", ""SAWYER"", ""SUN"", ""JIN"", ""FRANK"", ""MILES"", ""BEN"", ""HURLEY""]"
6,16,11,"[""RICHARD"", ""MILES"", ""SAWYER"", ""LAPIDUS"", ""KATE"", ""JACK"", ""JULIET""]"
6,16,12,"[""KATE"", ""JACK"", ""HURLEY"", ""BEN"", ""FRANK"", ""RICHARD"", ""DESMOND"", ""SAWYER"", ""CLAIRE"", ""MILES""]"
6,16,13,"[""LOCKE"", ""BEN"", ""HURLEY"", ""KATE"", ""JACK"", ""VOICE"", ""CHRISTIAN""]"
